tRNA	RF00005	1ASY_R
tRNA	RF00005	1ASY_S
tRNA	RF00005	1ASZ_R
tRNA	RF00005	1ASZ_S
tRNA	RF00005	1B23_R
LSU_rRNA_bacteria	RF02541	1C04_E
tRNA	RF00005	1C0A_B
5S_rRNA	RF00001	1C2X_C
tRNA	RF00005	1EFW_C
tRNA	RF00005	1EFW_D
LSU_rRNA_bacteria	RF02541	1EG0_L
LSU_rRNA_archaea	RF02540	1EG0_L
tRNA	RF00005	1EG0_O
tRNA	RF00005	1EHZ_A
tRNA	RF00005	1EIY_C
SSU_rRNA_bacteria	RF00177	1EMI_B
tRNA	RF00005	1EUQ_B
tRNA	RF00005	1EUY_B
tRNA	RF00005	1EVV_A
tRNA	RF00005	1EXD_B
tRNA	RF00005	1FCW_A
tRNA	RF00005	1FCW_B
tRNA	RF00005	1FCW_C
tRNA	RF00005	1FCW_D
tRNA	RF00005	1FCW_E
5S_rRNA	RF00001	1FFK_9
tRNA	RF00005	1FFY_T
tRNA	RF00005	1FIR_A
Phage_pRNA	RF00044	1FOQ_A
Phage_pRNA	RF00044	1FOQ_B
Phage_pRNA	RF00044	1FOQ_C
Phage_pRNA	RF00044	1FOQ_D
Phage_pRNA	RF00044	1FOQ_E
tRNA	RF00005	1G59_B
tRNA	RF00005	1G59_D
tRNA	RF00005	1GAX_C
tRNA	RF00005	1GAX_D
Intron_gpI	RF00028	1GRZ_A
Intron_gpI	RF00028	1GRZ_B
tRNA	RF00005	1GSG_T
tRNA	RF00005	1GTR_B
tRNA	RF00005	1GTS_B
tRNA	RF00005	1H3E_B
tRNA	RF00005	1H4Q_T
tRNA	RF00005	1H4S_T
LSU_rRNA_bacteria	RF02541	1HC8_C
LSU_rRNA_bacteria	RF02541	1HC8_D
tRNA	RF00005	1I9V_A
tRNA	RF00005	1IL2_C
tRNA	RF00005	1IL2_D
tRNA	RF00005	1IVS_C
tRNA	RF00005	1IVS_D
tRNA	RF00005	1J1U_B
tRNA	RF00005	1J2B_C
tRNA	RF00005	1J2B_D
tRNA	RF00005	1JGO_B
tRNA	RF00005	1JGO_C
tRNA	RF00005	1JGO_D
tRNA	RF00005	1JGP_B
tRNA	RF00005	1JGP_C
tRNA	RF00005	1JGP_D
tRNA	RF00005	1JGQ_B
tRNA	RF00005	1JGQ_C
tRNA	RF00005	1JGQ_D
5S_rRNA	RF00001	1JJ2_9
5S_rRNA	RF00001	1K73_B
5S_rRNA	RF00001	1K8A_B
5S_rRNA	RF00001	1K9M_B
5S_rRNA	RF00001	1KC8_B
5S_rRNA	RF00001	1KD1_B
5S_rRNA	RF00001	1KQS_9
Intron_gpII	RF00029	1KXK_A
Metazoa_SRP	RF00017	1L9A_B
Protozoa_SRP	RF01856	1L9A_B
Bacteria_small_SRP	RF00169	1LNG_B
tRNA	RF00005	1LS2_B
5S_rRNA	RF00001	1M1K_B
5S_rRNA	RF00001	1M90_B
Metazoa_SRP	RF00017	1MFQ_A
Protozoa_SRP	RF01856	1MFQ_A
tRNA	RF00005	1MJ1_C
tRNA	RF00005	1MJ1_D
tRNA	RF00005	1ML5_B
5S_rRNA	RF00001	1ML5_b
LSU_rRNA_bacteria	RF02541	1MMS_C
LSU_rRNA_archaea	RF02540	1MMS_C
LSU_rRNA_bacteria	RF02541	1MMS_D
LSU_rRNA_archaea	RF02540	1MMS_D
SSU_rRNA_bacteria	RF00177	1MVR_B
LSU_rRNA_bacteria	RF02541	1MVR_D
tRNA	RF00005	1N77_C
tRNA	RF00005	1N77_D
tRNA	RF00005	1N78_C
tRNA	RF00005	1N78_D
5S_rRNA	RF00001	1N8R_B
HIV-1_DIS	RF00175	1N8X_A
RNaseP_bact_b	RF00011	1NBS_A
RNaseP_bact_b	RF00011	1NBS_B
5S_rRNA	RF00001	1NJI_B
5S_rRNA	RF00001	1NKW_9
5S_rRNA	RF00001	1NWX_9
5S_rRNA	RF00001	1NWY_9
tRNA	RF00005	1O0B_B
tRNA	RF00005	1O0C_B
LSU_rRNA_bacteria	RF02541	1OLN_C
LSU_rRNA_archaea	RF02540	1OLN_C
tmRNA	RF00023	1P6V_B
tmRNA	RF00023	1P6V_D
5S_rRNA	RF00001	1Q7Y_B
5S_rRNA	RF00001	1Q81_B
5S_rRNA	RF00001	1Q82_B
5S_rRNA	RF00001	1Q86_B
LSU_rRNA_bacteria	RF02541	1QA6_C
LSU_rRNA_bacteria	RF02541	1QA6_D
tRNA	RF00005	1QF6_B
tRNA	RF00005	1QRS_B
tRNA	RF00005	1QRT_B
tRNA	RF00005	1QRU_B
tRNA	RF00005	1QTQ_B
tRNA	RF00005	1QU2_T
tRNA	RF00005	1QU3_T
5S_rRNA	RF00001	1QVF_9
5S_rRNA	RF00001	1QVG_9
tRNA	RF00005	1QZA_B
tRNA	RF00005	1QZB_B
Intron_gpII	RF00029	1R2P_A
LSU_rRNA_bacteria	RF02541	1R2W_C
LSU_rRNA_archaea	RF02540	1R2W_C
LSU_rRNA_bacteria	RF02541	1R2X_C
LSU_rRNA_archaea	RF02540	1R2X_C
Metazoa_SRP	RF00017	1RY1_A
Protozoa_SRP	RF01856	1RY1_A
5S_rRNA	RF00001	1S72_9
Gammaretro_CES	RF00374	1S9S_A
tRNA	RF00005	1SER_T
5S_rRNA	RF00001	1SM1_9
tRNA	RF00005	1SZ1_E
tRNA	RF00005	1SZ1_F
tRNA	RF00005	1TN1_A
tRNA	RF00005	1TN2_A
tRNA	RF00005	1TRA_A
tRNA	RF00005	1TTT_D
tRNA	RF00005	1TTT_E
tRNA	RF00005	1TTT_F
tRNA	RF00005	1U0B_A
Gammaretro_CES	RF00374	1U6P_B
RNaseP_bact_a	RF00010	1U9S_A
tRNA	RF00005	1VFG_C
tRNA	RF00005	1VFG_D
5S_rRNA	RF00001	1VQ4_9
5S_rRNA	RF00001	1VQ5_9
5S_rRNA	RF00001	1VQ6_9
5S_rRNA	RF00001	1VQ7_9
5S_rRNA	RF00001	1VQ8_9
5S_rRNA	RF00001	1VQ9_9
5S_rRNA	RF00001	1VQK_9
5S_rRNA	RF00001	1VQL_9
5S_rRNA	RF00001	1VQM_9
5S_rRNA	RF00001	1VQN_9
5S_rRNA	RF00001	1VQO_9
5S_rRNA	RF00001	1VQP_9
tRNA	RF00005	1VTQ_A
tRNA	RF00005	1VVJ_QV
5S_rRNA	RF00001	1VVJ_RB
tRNA	RF00005	1VVJ_XV
5S_rRNA	RF00001	1VVJ_YB
tRNA	RF00005	1VY4_AY
5S_rRNA	RF00001	1VY4_BB
tRNA	RF00005	1VY4_CY
5S_rRNA	RF00001	1VY4_DB
tRNA	RF00005	1VY5_AX
tRNA	RF00005	1VY5_AY
5S_rRNA	RF00001	1VY5_BB
tRNA	RF00005	1VY5_CX
tRNA	RF00005	1VY5_CY
5S_rRNA	RF00001	1VY5_DB
5S_rRNA	RF00001	1VY6_BB
5S_rRNA	RF00001	1VY6_DB
tRNA	RF00005	1VY7_AY
5S_rRNA	RF00001	1VY7_BB
tRNA	RF00005	1VY7_CY
5S_rRNA	RF00001	1VY7_DB
5S_rRNA	RF00001	1W2B_9
tRNA	RF00005	1WZ2_C
tRNA	RF00005	1WZ2_D
SSU_rRNA_bacteria	RF00177	1X1L_A
SSU_rRNA_archaea	RF01959	1X1L_A
SSU_rRNA_eukarya	RF01960	1X1L_A
SSU_rRNA_microsporidia	RF02542	1X1L_A
Intron_gpI	RF00028	1X8W_A
Intron_gpI	RF00028	1X8W_B
Intron_gpI	RF00028	1X8W_C
Intron_gpI	RF00028	1X8W_D
5S_rRNA	RF00001	1XBP_9
s2m	RF00164	1XJR_A
Intron_gpI	RF00028	1Y0Q_A
Purine	RF00167	1Y26_X
Purine	RF00167	1Y27_X
LSU_rRNA_bacteria	RF02541	1Y39_C
LSU_rRNA_bacteria	RF02541	1Y39_D
5S_rRNA	RF00001	1Y69_9
tRNA	RF00005	1YFG_A
5S_rRNA	RF00001	1YHQ_9
5S_rRNA	RF00001	1YI2_9
5S_rRNA	RF00001	1YIJ_9
5S_rRNA	RF00001	1YIT_9
5S_rRNA	RF00001	1YJ9_9
5S_rRNA	RF00001	1YJN_9
5S_rRNA	RF00001	1YJW_9
SSU_rRNA_bacteria	RF00177	1YSH_B
SSU_rRNA_archaea	RF01959	1YSH_B
HIV_FE	RF00480	1Z2J_A
Bacteria_small_SRP	RF00169	1Z43_A
tmRNA	RF00023	1ZC8_A
SSU_rRNA_bacteria	RF00177	1ZC8_Z
tRNA	RF00005	1ZJW_B
LSU_rRNA_bacteria	RF02541	1ZN1_B
tRNA	RF00005	1ZO1_F
tRNA	RF00005	1ZO3_A
tRNA	RF00005	1ZO3_B
RNaseP_bact_a	RF00010	2A2E_A
RNaseP_bact_b	RF00011	2A64_A
tRNA	RF00005	2AKE_B
tRNA	RF00005	2AZX_C
tRNA	RF00005	2AZX_D
Purine	RF00167	2B57_A
tRNA	RF00005	2BTE_B
tRNA	RF00005	2BTE_E
tRNA	RF00005	2BYT_B
tRNA	RF00005	2BYT_E
TPP	RF00059	2CKY_A
TPP	RF00059	2CKY_B
tRNA	RF00005	2CSX_C
tRNA	RF00005	2CSX_D
tRNA	RF00005	2CT8_C
tRNA	RF00005	2CT8_D
tRNA	RF00005	2CV0_C
tRNA	RF00005	2CV0_D
tRNA	RF00005	2CV1_C
tRNA	RF00005	2CV1_D
tRNA	RF00005	2CV2_C
tRNA	RF00005	2CV2_D
tmRNA	RF00023	2CZJ_B
tmRNA	RF00023	2CZJ_D
tmRNA	RF00023	2CZJ_F
tmRNA	RF00023	2CZJ_H
HIV-1_DIS	RF00175	2D1A_A
HIV-1_DIS	RF00175	2D1A_B
HIV-1_DIS	RF00175	2D1B_A
HIV-1_DIS	RF00175	2D1B_B
tRNA	RF00005	2D6F_E
tRNA	RF00005	2D6F_F
tRNA	RF00005	2DER_C
tRNA	RF00005	2DER_D
tRNA	RF00005	2DET_C
tRNA	RF00005	2DEU_C
tRNA	RF00005	2DEU_D
tRNA	RF00005	2DLC_Y
tRNA	RF00005	2DR2_B
tRNA	RF00005	2DU3_D
tRNA	RF00005	2DU4_C
tRNA	RF00005	2DU5_D
tRNA	RF00005	2DU6_D
tRNA	RF00005	2DXI_C
tRNA	RF00005	2DXI_D
Purine	RF00167	2EES_A
Purine	RF00167	2EET_A
Purine	RF00167	2EEU_A
Purine	RF00167	2EEV_A
Purine	RF00167	2EEW_A
tRNA	RF00005	2FK6_R
tRNA	RF00005	2FMT_C
tRNA	RF00005	2FMT_D
Purine	RF00167	2G9C_A
glmS	RF00234	2GCS_B
glmS	RF00234	2GCV_B
TPP	RF00059	2GDI_X
TPP	RF00059	2GDI_Y
SAM	RF00162	2GIS_A
HIV-1_DIS	RF00175	2GM0_A
HIV-1_DIS	RF00175	2GM0_B
LSU_rRNA_archaea	RF02540	2GO5_9
Metazoa_SRP	RF00017	2GO5_A
Protozoa_SRP	RF01856	2GO5_A
glmS	RF00234	2H0S_B
glmS	RF00234	2H0W_B
glmS	RF00234	2H0X_B
glmS	RF00234	2H0Z_B
glmS	RF00234	2HO6_B
glmS	RF00234	2HO7_B
TPP	RF00059	2HOJ_A
TPP	RF00059	2HOK_A
TPP	RF00059	2HOL_A
TPP	RF00059	2HOM_A
TPP	RF00059	2HOO_A
TPP	RF00059	2HOP_A
IRES_Cripavirus	RF00458	2IL9_A
IRES_Cripavirus	RF00458	2IL9_M
Bacteria_small_SRP	RF00169	2IY3_B
tRNA	RF00005	2IY5_T
Bacteria_small_SRP	RF00169	2J28_8
5S_rRNA	RF00001	2J28_A
Metazoa_SRP	RF00017	2J37_A
Protozoa_SRP	RF01856	2J37_A
LSU_rRNA_archaea	RF02540	2J37_Z
LSU_rRNA_bacteria	RF02541	2J37_Z
LSU_rRNA_eukarya	RF02543	2J37_Z
LSU_rRNA_bacteria	RF02541	2JQ7_B
LSU_rRNA_archaea	RF02540	2JQ7_B
tRNA	RF00005	2K4C_A
K10_TLS	RF00207	2KE6_A
TCV_H5	RF00500	2KRL_A
K10_TLS	RF00207	2KUR_A
K10_TLS	RF00207	2KUU_A
K10_TLS	RF00207	2KUV_A
K10_TLS	RF00207	2KUW_A
Gammaretro_CES	RF00374	2L1F_A
Gammaretro_CES	RF00374	2L1F_B
mir-2985-2	RF02095	2L3J_B
HIV_FE	RF00480	2L94_A
GP_knot1	RF01073	2LC8_A
U6	RF00026	2LKR_A
U2	RF00004	2LKR_A
Intron_gpII	RF00029	2LPS_A
PrrB_RsmZ	RF00166	2MF0_G
PrrB_RsmZ	RF00166	2MF1_G
preQ1-II	RF01054	2MIY_A
tRNA	RF00005	2MS0_B
tRNA	RF00005	2MS1_B
HIV-1_SL3	RF01381	2N1Q_A
HIV-1_DIS	RF00175	2N1Q_A
HIV-1_SD	RF01380	2N1Q_A
U4	RF00015	2N7M_X
IRES_Picorna_2	RF00210	2NBX_A
IRES_Picorna_2	RF00210	2NC1_A
IRES_Cripavirus	RF00458	2NOQ_A
tRNA	RF00005	2NQP_F
tRNA	RF00005	2NR0_E
tRNA	RF00005	2NR0_F
tRNA	RF00005	2NR0_G
tRNA	RF00005	2NR0_H
tRNA	RF00005	2NRE_F
glmS	RF00234	2NZ4_P
glmS	RF00234	2NZ4_Q
glmS	RF00234	2NZ4_R
glmS	RF00234	2NZ4_S
tmRNA	RF00023	2OB7_A
SSU_rRNA_bacteria	RF00177	2OM7_C
SSU_rRNA_bacteria	RF00177	2OM7_D
SSU_rRNA_archaea	RF01959	2OM7_D
SSU_rRNA_microsporidia	RF02542	2OM7_D
SSU_rRNA_eukarya	RF01960	2OM7_D
LSU_rRNA_bacteria	RF02541	2OM7_I
LSU_rRNA_archaea	RF02540	2OM7_I
LSU_rRNA_bacteria	RF02541	2OM7_J
LSU_rRNA_archaea	RF02540	2OM7_J
tRNA	RF00005	2OM7_M
5S_rRNA	RF00001	2OTJ_9
5S_rRNA	RF00001	2OTL_9
5S_rRNA	RF00001	2QA4_9
ykoK	RF00380	2QBZ_X
5S_rRNA	RF00001	2QEX_9
Hammerhead_3	RF00008	2QUS_A
Hammerhead_3	RF00008	2QUS_B
Hammerhead_3	RF00008	2QUW_B
Hammerhead_3	RF00008	2QUW_D
tRNA	RF00005	2RD2_B
5S_rRNA	RF00001	2RDO_A
tRNA	RF00005	2RE8_B
Intron_gpI	RF00028	2RKJ_C
Intron_gpI	RF00028	2RKJ_G
Intron_gpI	RF00028	2RKJ_K
Intron_gpI	RF00028	2RKJ_O
tRNA	RF00005	2TRA_A
Bacteria_small_SRP	RF00169	2V3C_M
Bacteria_small_SRP	RF00169	2V3C_N
S15	RF00114	2VAZ_A
5_8S_rRNA	RF00002	2WW9_D
5_8S_rRNA	RF00002	2WWA_D
5_8S_rRNA	RF00002	2WWB_D
Bacteria_small_SRP	RF00169	2XKV_B
Purine	RF00167	2XNW_A
Purine	RF00167	2XNZ_A
Purine	RF00167	2XO0_A
Purine	RF00167	2XO1_A
Bacteria_small_SRP	RF00169	2XXA_F
Bacteria_small_SRP	RF00169	2XXA_G
SAM	RF00162	2YDH_A
SAM	RF00162	2YGH_A
glmS	RF00234	2Z74_B
glmS	RF00234	2Z75_B
tRNA	RF00005	2Z9Q_A
5S_rRNA	RF00001	2ZJP_Z
5S_rRNA	RF00001	2ZJQ_Y
5S_rRNA	RF00001	2ZJR_Y
tRNA	RF00005	2ZM5_C
tRNA	RF00005	2ZM5_D
tRNA	RF00005	2ZUE_B
tRNA	RF00005	2ZUF_B
tRNA	RF00005	2ZXU_C
tRNA	RF00005	2ZXU_D
tRNA	RF00005	2ZZM_B
tRNA	RF00005	2ZZN_C
tRNA	RF00005	2ZZN_D
tRNA	RF00005	3A2K_C
tRNA	RF00005	3A2K_D
tRNA-Sec	RF01852	3A3A_A
tRNA	RF00005	3A3A_A
tRNA-Sec	RF01852	3ADB_C
tRNA-Sec	RF01852	3ADB_D
tRNA-Sec	RF01852	3ADC_C
tRNA-Sec	RF01852	3ADC_D
tRNA-Sec	RF01852	3ADD_C
tRNA-Sec	RF01852	3ADD_D
tRNA	RF00005	3AKZ_E
tRNA	RF00005	3AKZ_F
tRNA	RF00005	3AKZ_G
tRNA	RF00005	3AKZ_H
tRNA	RF00005	3AL0_E
tRNA	RF00005	3AMT_B
tRNA	RF00005	3AMU_B
tRNA	RF00005	3B0V_A
tRNA	RF00005	3B0V_B
glmS	RF00234	3B4A_B
glmS	RF00234	3B4B_B
glmS	RF00234	3B4C_B
tRNA	RF00005	3BBV_z
5S_rRNA	RF00001	3BBX_A
group-II-D1D4-3	RF02001	3BWP_A
group-II-D1D4-1	RF01998	3BWP_A
5S_rRNA	RF00001	3CC2_9
5S_rRNA	RF00001	3CC4_9
5S_rRNA	RF00001	3CC7_9
5S_rRNA	RF00001	3CCE_9
5S_rRNA	RF00001	3CCJ_9
5S_rRNA	RF00001	3CCL_9
5S_rRNA	RF00001	3CCM_9
5S_rRNA	RF00001	3CCQ_9
5S_rRNA	RF00001	3CCR_9
5S_rRNA	RF00001	3CCS_9
5S_rRNA	RF00001	3CCU_9
5S_rRNA	RF00001	3CCV_9
5S_rRNA	RF00001	3CD6_9
5S_rRNA	RF00001	3CF5_Z
5S_rRNA	RF00001	3CMA_9
5S_rRNA	RF00001	3CME_9
5S_rRNA	RF00001	3CPW_9
U1	RF00003	3CW1_V
U1	RF00003	3CW1_v
U1	RF00003	3CW1_w
U1	RF00003	3CW1_x
tRNA	RF00005	3CW5_A
tRNA	RF00005	3CW6_A
5S_rRNA	RF00001	3CXC_9
Lysine	RF00168	3D0U_A
Lysine	RF00168	3D0X_A
TPP	RF00059	3D2G_A
TPP	RF00059	3D2G_B
TPP	RF00059	3D2V_A
TPP	RF00059	3D2V_B
TPP	RF00059	3D2X_A
TPP	RF00059	3D2X_B
tRNA	RF00005	3DEG_A
tRNA	RF00005	3DEG_B
LSU_rRNA_bacteria	RF02541	3DEG_G
LSU_rRNA_archaea	RF02540	3DEG_G
RNaseP_bact_b	RF00011	3DHS_A
Lysine	RF00168	3DIG_X
Lysine	RF00168	3DIL_A
Lysine	RF00168	3DIM_A
Lysine	RF00168	3DIO_X
Lysine	RF00168	3DIQ_A
Lysine	RF00168	3DIR_A
Lysine	RF00168	3DIS_A
Lysine	RF00168	3DIX_A
Lysine	RF00168	3DIY_A
Lysine	RF00168	3DIZ_A
Lysine	RF00168	3DJ0_A
Lysine	RF00168	3DJ2_A
5S_rRNA	RF00001	3DLL_Z
Purine	RF00167	3DS7_A
Purine	RF00167	3DS7_B
group-II-D1D4-3	RF02001	3EOG_A
group-II-D1D4-1	RF01998	3EOG_A
group-II-D1D4-3	RF02001	3EOH_A
group-II-D1D4-1	RF01998	3EOH_A
tRNA	RF00005	3EP2_Y
tRNA	RF00005	3EPH_E
tRNA	RF00005	3EPH_F
tRNA	RF00005	3EPJ_E
tRNA	RF00005	3EPJ_F
tRNA	RF00005	3EPK_E
tRNA	RF00005	3EPK_F
tRNA	RF00005	3EPL_E
tRNA	RF00005	3EPL_F
tRNA	RF00005	3EQ3_Y
tRNA	RF00005	3EQ4_Y
FMN	RF00050	3F2Q_X
FMN	RF00050	3F2T_X
FMN	RF00050	3F2W_X
FMN	RF00050	3F2X_X
FMN	RF00050	3F2Y_X
FMN	RF00050	3F30_X
Purine	RF00167	3FO4_A
Purine	RF00167	3FO6_A
tRNA	RF00005	3FOZ_C
tRNA	RF00005	3FOZ_D
5S_rRNA	RF00001	3FWO_B
Purine	RF00167	3G4M_A
5S_rRNA	RF00001	3G4S_9
5S_rRNA	RF00001	3G6E_9
5S_rRNA	RF00001	3G71_9
group-II-D1D4-3	RF02001	3G78_A
group-II-D1D4-1	RF01998	3G78_A
glmS	RF00234	3G8S_P
glmS	RF00234	3G8S_Q
glmS	RF00234	3G8S_R
glmS	RF00234	3G8S_S
glmS	RF00234	3G8T_P
glmS	RF00234	3G8T_Q
glmS	RF00234	3G8T_R
glmS	RF00234	3G8T_S
glmS	RF00234	3G96_P
glmS	RF00234	3G96_Q
glmS	RF00234	3G96_R
glmS	RF00234	3G96_S
glmS	RF00234	3G9C_P
glmS	RF00234	3G9C_Q
glmS	RF00234	3G9C_R
glmS	RF00234	3G9C_S
Purine	RF00167	3GAO_A
Purine	RF00167	3GER_A
Purine	RF00167	3GES_A
Purine	RF00167	3GOG_A
Purine	RF00167	3GOT_A
SAM	RF00162	3GX2_A
SAM	RF00162	3GX3_A
SAM	RF00162	3GX5_A
SAM	RF00162	3GX6_A
SAM	RF00162	3GX7_A
Pab160	RF02796	3HJW_D
tRNA-Sec	RF01852	3HL2_E
tRNA	RF00005	3HL2_E
5S_rRNA	RF00001	3I55_9
5S_rRNA	RF00001	3I56_9
group-II-D1D4-3	RF02001	3IGI_A
group-II-D1D4-1	RF01998	3IGI_A
SAM	RF00162	3IQN_A
SAM	RF00162	3IQP_A
SAM	RF00162	3IQR_A
c-di-GMP-I	RF01051	3IRW_R
c-di-GMP-I	RF01051	3IWN_A
c-di-GMP-I	RF01051	3IWN_B
tmRNA	RF00023	3IYQ_A
tmRNA	RF00023	3IYR_A
tmRNA	RF00023	3IZ4_A
tRNA	RF00005	3IZY_N
SSU_rRNA_bacteria	RF00177	3IZZ_D
SSU_rRNA_bacteria	RF00177	3IZZ_E
LSU_rRNA_bacteria	RF02541	3J0D_A
LSU_rRNA_eukarya	RF02543	3J0L_2
LSU_rRNA_archaea	RF02540	3J0L_2
LSU_rRNA_bacteria	RF02541	3J0L_2
tRNA	RF00005	3J0L_V
tRNA	RF00005	3J0L_W
tRNA	RF00005	3J0L_Y
SSU_rRNA_eukarya	RF01960	3J0L_h
LSU_rRNA_eukarya	RF02543	3J0O_2
LSU_rRNA_archaea	RF02540	3J0O_2
LSU_rRNA_bacteria	RF02541	3J0O_2
tRNA	RF00005	3J0O_V
tRNA	RF00005	3J0O_W
tRNA	RF00005	3J0O_Y
SSU_rRNA_eukarya	RF01960	3J0O_h
LSU_rRNA_eukarya	RF02543	3J0P_2
LSU_rRNA_archaea	RF02540	3J0P_2
LSU_rRNA_bacteria	RF02541	3J0P_2
tRNA	RF00005	3J0P_W
tRNA	RF00005	3J0P_Y
SSU_rRNA_eukarya	RF01960	3J0P_h
LSU_rRNA_eukarya	RF02543	3J0Q_2
LSU_rRNA_archaea	RF02540	3J0Q_2
LSU_rRNA_bacteria	RF02541	3J0Q_2
tRNA	RF00005	3J0Q_W
tRNA	RF00005	3J0Q_Y
SSU_rRNA_eukarya	RF01960	3J0Q_h
SSU_rRNA_eukarya	RF01960	3J16_J
SSU_rRNA_microsporidia	RF02542	3J16_J
LSU_rRNA_eukarya	RF02543	3J16_K
tRNA	RF00005	3J16_L
SSU_rRNA_bacteria	RF00177	3J2C_M
SSU_rRNA_archaea	RF01959	3J2C_M
SSU_rRNA_eukarya	RF01960	3J2C_M
SSU_rRNA_microsporidia	RF02542	3J2C_M
SSU_rRNA_bacteria	RF00177	3J2C_O
SSU_rRNA_eukarya	RF01960	3J2C_O
SSU_rRNA_microsporidia	RF02542	3J2C_O
SSU_rRNA_archaea	RF01959	3J2C_O
5S_rRNA	RF00001	3J3V_B
LSU_rRNA_bacteria	RF02541	3J45_5
LSU_rRNA_archaea	RF02540	3J45_5
LSU_rRNA_bacteria	RF02541	3J46_4
LSU_rRNA_archaea	RF02540	3J46_4
tRNA	RF00005	3J46_a
tRNA	RF00005	3J46_p
5S_rRNA	RF00001	3J5L_B
LSU_rRNA_bacteria	RF02541	3J5S_A
LSU_rRNA_archaea	RF02540	3J5S_A
LSU_rRNA_eukarya	RF02543	3J5S_A
SSU_rRNA_bacteria	RF00177	3J5S_B
SSU_rRNA_archaea	RF01959	3J5S_B
tRNA	RF00005	3J5S_E
tRNA	RF00005	3J5Y_D
5S_rRNA	RF00001	3J6X_5S
5_8S_rRNA	RF00002	3J6X_8S
5S_rRNA	RF00001	3J6Y_5S
5_8S_rRNA	RF00002	3J6Y_8S
5S_rRNA	RF00001	3J77_5S
5_8S_rRNA	RF00002	3J77_8S
tRNA	RF00005	3J77_PT
5S_rRNA	RF00001	3J78_5S
5_8S_rRNA	RF00002	3J78_8S
tRNA	RF00005	3J78_ET
tRNA	RF00005	3J78_PT
5S_rRNA	RF00001	3J79_B
5_8S_rRNA	RF00002	3J79_C
tRNA	RF00005	3J7A_7
5S_rRNA	RF00001	3J7O_7
5_8S_rRNA	RF00002	3J7O_8
5S_rRNA	RF00001	3J7P_7
5_8S_rRNA	RF00002	3J7P_8
5S_rRNA	RF00001	3J7Q_7
5_8S_rRNA	RF00002	3J7Q_8
5S_rRNA	RF00001	3J7R_7
5_8S_rRNA	RF00002	3J7R_8
tRNA	RF00005	3J7R_S5
tRNA	RF00005	3J7R_S6
5S_rRNA	RF00001	3J7Z_B
tRNA	RF00005	3J81_1
5S_rRNA	RF00001	3J8G_A
tRNA	RF00005	3J92_2
5S_rRNA	RF00001	3J92_7
5_8S_rRNA	RF00002	3J92_8
tRNA	RF00005	3J9W_AX
5S_rRNA	RF00001	3J9W_BB
5S_rRNA	RF00001	3J9Y_B
5S_rRNA	RF00001	3J9Z_LB
tRNA	RF00005	3J9Z_S6
tRNA	RF00005	3J9Z_S7
5S_rRNA	RF00001	3JA1_LB
tRNA	RF00005	3JA1_S2
tRNA	RF00005	3JAG_3
5S_rRNA	RF00001	3JAG_7
5_8S_rRNA	RF00002	3JAG_8
tRNA	RF00005	3JAH_3
5S_rRNA	RF00001	3JAH_7
5_8S_rRNA	RF00002	3JAH_8
tRNA	RF00005	3JAI_3
5S_rRNA	RF00001	3JAI_7
5_8S_rRNA	RF00002	3JAI_8
Metazoa_SRP	RF00017	3JAJ_4
Protozoa_SRP	RF01856	3JAJ_4
5S_rRNA	RF00001	3JAJ_7
5_8S_rRNA	RF00002	3JAJ_8
Metazoa_SRP	RF00017	3JAN_4
Protozoa_SRP	RF01856	3JAN_4
5S_rRNA	RF00001	3JAN_7
5_8S_rRNA	RF00002	3JAN_8
tRNA	RF00005	3JAP_1
tRNA	RF00005	3JAQ_1
U5	RF00020	3JB9_C
U6	RF00026	3JB9_N
U2	RF00004	3JB9_P
tRNA	RF00005	3JBN_7
5S_rRNA	RF00001	3JBN_AB
5_8S_rRNA	RF00002	3JBN_AC
tRNA	RF00005	3JBO_7
5S_rRNA	RF00001	3JBO_AB
5_8S_rRNA	RF00002	3JBO_AC
tRNA	RF00005	3JBP_7
5S_rRNA	RF00001	3JBP_AB
5_8S_rRNA	RF00002	3JBP_AC
5S_rRNA	RF00001	3JBU_a
tRNA	RF00005	3JBU_v
tRNA	RF00005	3JBV_V
tRNA	RF00005	3JBV_W
5S_rRNA	RF00001	3JBV_a
tRNA	RF00005	3JCD_8
tRNA	RF00005	3JCD_9
5S_rRNA	RF00001	3JCD_B
tRNA	RF00005	3JCE_8
tRNA	RF00005	3JCE_9
5S_rRNA	RF00001	3JCE_B
5S_rRNA	RF00001	3JCJ_0
tRNA	RF00005	3JCJ_v
U6	RF00026	3JCM_D
U4	RF00015	3JCM_E
U5	RF00020	3JCM_F
5S_rRNA	RF00001	3JCN_B
tRNA	RF00005	3JCN_v
U5	RF00020	3JCR_H
U4	RF00015	3JCR_M
U6	RF00026	3JCR_N
LSU_rRNA_eukarya	RF02543	3JCS_4
LSU_rRNA_archaea	RF02540	3JCS_4
LSU_rRNA_bacteria	RF02541	3JCS_4
5_8S_rRNA	RF00002	3JCS_7
5S_rRNA	RF00001	3JCS_8
5_8S_rRNA	RF00002	3JCT_2
5S_rRNA	RF00001	3JCT_3
5S_rRNA	RF00001	3JQ4_B
TPP	RF00059	3K0J_E
TPP	RF00059	3K0J_F
tRNA	RF00005	3KFU_K
tRNA	RF00005	3KFU_L
tRNA	RF00005	3KFU_M
tRNA	RF00005	3KFU_N
Metazoa_SRP	RF00017	3KTV_A
Metazoa_SRP	RF00017	3KTV_C
tRNA	RF00005	3L0U_A
glmS	RF00234	3L3C_P
glmS	RF00234	3L3C_Q
glmS	RF00234	3L3C_R
glmS	RF00234	3L3C_S
Purine	RF00167	3LA5_A
Pab160	RF02796	3LWO_D
Pab160	RF02796	3LWP_D
Pab160	RF02796	3LWQ_D
Pab160	RF02796	3LWR_D
Pab160	RF02796	3LWV_D
LSU_rRNA_bacteria	RF02541	3MOJ_A
LSU_rRNA_archaea	RF02540	3MOJ_A
c-di-GMP-I	RF01051	3MUM_R
c-di-GMP-I	RF01051	3MUR_R
c-di-GMP-I	RF01051	3MUT_R
c-di-GMP-I	RF01051	3MUV_R
c-di-GMP-I	RF01051	3MXH_R
Archaea_SRP	RF01857	3NDB_M
Bacteria_small_SRP	RF00169	3NDB_M
5S_rRNA	RF00001	3OW2_9
Glycine	RF00504	3OWI_A
Glycine	RF00504	3OWI_B
Glycine	RF00504	3OWW_A
Glycine	RF00504	3OWW_B
Glycine	RF00504	3OWZ_A
Glycine	RF00504	3OWZ_B
Glycine	RF00504	3OX0_A
Glycine	RF00504	3OX0_B
Glycine	RF00504	3OXB_A
Glycine	RF00504	3OXB_B
Glycine	RF00504	3OXD_A
Glycine	RF00504	3OXD_B
Glycine	RF00504	3OXE_A
Glycine	RF00504	3OXE_B
Glycine	RF00504	3OXJ_A
Glycine	RF00504	3OXJ_B
Glycine	RF00504	3OXM_A
Glycine	RF00504	3OXM_B
Glycine	RF00504	3P49_A
ykoK	RF00380	3PDR_A
ykoK	RF00380	3PDR_X
U1	RF00003	3PGW_N
U1	RF00003	3PGW_R
5S_rRNA	RF00001	3PIO_Y
5S_rRNA	RF00001	3PIP_Y
RNaseP_bact_a	RF00010	3Q1Q_B
tRNA	RF00005	3Q1Q_C
RNaseP_bact_a	RF00010	3Q1R_B
tRNA	RF00005	3Q1R_C
c-di-GMP-II	RF01786	3Q3Z_A
c-di-GMP-II	RF01786	3Q3Z_V
tRNA	RF00005	3QSY_D
tRNA-Sec	RF01852	3RG5_A
tRNA	RF00005	3RG5_A
tRNA-Sec	RF01852	3RG5_B
tRNA	RF00005	3RG5_B
Purine	RF00167	3RKF_A
Purine	RF00167	3RKF_B
Purine	RF00167	3RKF_C
Purine	RF00167	3RKF_D
THF	RF01831	3SD3_A
MFR	RF01510	3SKI_A
MFR	RF01510	3SKI_B
MFR	RF01510	3SKL_A
MFR	RF01510	3SKL_B
MFR	RF01510	3SKR_A
MFR	RF01510	3SKR_B
MFR	RF01510	3SKT_A
MFR	RF01510	3SKT_B
MFR	RF01510	3SKW_A
MFR	RF01510	3SKW_B
MFR	RF01510	3SKZ_A
MFR	RF01510	3SKZ_B
MFR	RF01510	3SLM_A
MFR	RF01510	3SLM_B
MFR	RF01510	3SLQ_A
MFR	RF01510	3SLQ_B
THF	RF01831	3SUH_X
THF	RF01831	3SUX_X
THF	RF01831	3SUY_X
tRNA	RF00005	3TRA_A
tRNA	RF00005	3TUP_T
LSU_rRNA_bacteria	RF02541	3U4M_B
LSU_rRNA_bacteria	RF02541	3U56_B
c-di-GMP-I	RF01051	3UCU_R
c-di-GMP-I	RF01051	3UCZ_R
c-di-GMP-I	RF01051	3UD3_R
c-di-GMP-I	RF01051	3UD4_R
LSU_rRNA_bacteria	RF02541	3UMY_B
tRNA	RF00005	3V11_D
SAM	RF00162	3V7E_C
SAM	RF00162	3V7E_D
Fluoride	RF01734	3VRS_A
tRNA-Sec	RF01852	3W1K_F
tRNA-Sec	RF01852	3W1K_G
tRNA-Sec	RF01852	3W1K_H
tRNA-Sec	RF01852	3W1K_I
tRNA-Sec	RF01852	3W1K_J
tRNA-Sec	RF01852	3W3S_B
tRNA	RF00005	3W3S_B
tRNA	RF00005	3WC1_P
tRNA	RF00005	3WC1_Q
tRNA	RF00005	3WC2_P
tRNA	RF00005	3WC2_Q
tRNA	RF00005	3WFQ_A
tRNA	RF00005	3WFQ_B
tRNA	RF00005	3WFQ_C
tRNA	RF00005	3WFQ_D
tRNA	RF00005	3WFR_A
tRNA	RF00005	3WFR_B
tRNA	RF00005	3WFR_C
tRNA	RF00005	3WFR_D
tRNA	RF00005	3WFS_A
tRNA	RF00005	3WFS_B
tRNA	RF00005	3WQY_C
tRNA	RF00005	3WQZ_C
tRNA	RF00005	3ZGZ_B
tRNA	RF00005	3ZGZ_E
Bacteria_small_SRP	RF00169	3ZN8_G
tRNA	RF00005	486D_A
tRNA	RF00005	486D_E
5S_rRNA	RF00001	4ADX_9
SAM	RF00162	4AOB_A
tRNA	RF00005	4AQ7_B
tRNA	RF00005	4AQ7_E
tRNA	RF00005	4ARC_B
tRNA	RF00005	4ARI_B
tRNA	RF00005	4AS1_B
ToxI	RF02519	4ATO_G
SAM	RF00162	4B5R_A
IRES_Pesti	RF00209	4C4Q_N
tRNA	RF00005	4CQN_B
tRNA	RF00005	4CQN_E
5S_rRNA	RF00001	4CSU_A
SSU_rRNA_eukarya	RF01960	4CXG_1
LSU_rRNA_eukarya	RF02543	4CXG_2
tRNA	RF00005	4CXG_Y
SSU_rRNA_eukarya	RF01960	4CXH_1
LSU_rRNA_eukarya	RF02543	4CXH_2
tRNA	RF00005	4CXH_Y
IRES_Cripavirus	RF00458	4D5N_X
5_8S_rRNA	RF00002	4D5Y_3
5S_rRNA	RF00001	4D5Y_4
IRES_Cripavirus	RF00458	4D61_j
5_8S_rRNA	RF00002	4D67_3
5S_rRNA	RF00001	4D67_4
group-II-D1D4-3	RF02001	4DS6_A
group-II-D1D4-1	RF01998	4DS6_A
group-II-D1D4-3	RF02001	4E8K_A
group-II-D1D4-1	RF01998	4E8K_A
group-II-D1D4-3	RF02001	4E8M_A
group-II-D1D4-1	RF01998	4E8M_A
group-II-D1D4-3	RF02001	4E8N_A
group-II-D1D4-1	RF01998	4E8N_A
group-II-D1D4-3	RF02001	4E8P_A
group-II-D1D4-1	RF01998	4E8P_A
group-II-D1D4-3	RF02001	4E8Q_A
group-II-D1D4-1	RF01998	4E8Q_A
group-II-D1D4-3	RF02001	4E8R_A
group-II-D1D4-1	RF01998	4E8R_A
group-II-D1D4-3	RF02001	4E8T_A
group-II-D1D4-1	RF01998	4E8T_A
group-II-D1D4-3	RF02001	4E8V_A
group-II-D1D4-1	RF01998	4E8V_A
Fluoride	RF01734	4EN5_A
Fluoride	RF01734	4ENA_A
Fluoride	RF01734	4ENB_A
Fluoride	RF01734	4ENC_A
Lysine	RF00168	4ERJ_A
Lysine	RF00168	4ERL_A
group-II-D1D4-3	RF02001	4FAQ_A
group-II-D1D4-1	RF01998	4FAQ_A
group-II-D1D4-3	RF02001	4FAR_A
group-II-D1D4-1	RF01998	4FAR_A
group-II-D1D4-3	RF02001	4FAU_A
group-II-D1D4-1	RF01998	4FAU_A
group-II-D1D4-3	RF02001	4FAW_A
group-II-D1D4-1	RF01998	4FAW_A
group-II-D1D4-3	RF02001	4FAX_A
group-II-D1D4-1	RF01998	4FAX_A
group-II-D1D4-3	RF02001	4FB0_A
group-II-D1D4-1	RF01998	4FB0_A
Purine	RF00167	4FE5_B
Purine	RF00167	4FEJ_B
Purine	RF00167	4FEL_B
Purine	RF00167	4FEN_B
Purine	RF00167	4FEO_B
Purine	RF00167	4FEP_B
AdoCbl-variant	RF01689	4FRG_B
AdoCbl-variant	RF01689	4FRG_X
AdoCbl-variant	RF01689	4FRN_A
AdoCbl-variant	RF01689	4FRN_B
tRNA	RF00005	4GCW_B
Cobalamin	RF00174	4GMA_Z
Cobalamin	RF00174	4GXY_A
5S_rRNA	RF00001	4IO9_Y
5S_rRNA	RF00001	4IOA_Y
5S_rRNA	RF00001	4IOC_Y
tRNA	RF00005	4JXX_B
tRNA	RF00005	4JXZ_B
SAM	RF00162	4KQY_A
tRNA	RF00005	4KR2_C
tRNA	RF00005	4KR3_C
tRNA	RF00005	4KZZ_j
tRNA	RF00005	4L47_QV
5S_rRNA	RF00001	4L47_RB
tRNA	RF00005	4L47_XV
5S_rRNA	RF00001	4L47_YB
tRNA	RF00005	4L71_QV
5S_rRNA	RF00001	4L71_RB
tRNA	RF00005	4L71_XV
5S_rRNA	RF00001	4L71_YB
SAM-I-IV-variant	RF01725	4L81_A
tRNA	RF00005	4LCK_B
tRNA	RF00005	4LCK_E
tRNA	RF00005	4LEL_QV
5S_rRNA	RF00001	4LEL_RB
tRNA	RF00005	4LEL_XV
5S_rRNA	RF00001	4LEL_YB
tRNA	RF00005	4LFZ_QV
5S_rRNA	RF00001	4LFZ_RB
tRNA	RF00005	4LFZ_XV
5S_rRNA	RF00001	4LFZ_YB
tRNA	RF00005	4LNT_QV
5S_rRNA	RF00001	4LNT_RB
tRNA	RF00005	4LNT_XV
5S_rRNA	RF00001	4LNT_YB
tRNA	RF00005	4LSK_QV
5S_rRNA	RF00001	4LSK_RB
tRNA	RF00005	4LSK_XV
5S_rRNA	RF00001	4LSK_YB
tRNA	RF00005	4LT8_QV
5S_rRNA	RF00001	4LT8_RB
tRNA	RF00005	4LT8_XV
5S_rRNA	RF00001	4LT8_YB
THF	RF01831	4LVV_A
THF	RF01831	4LVW_A
THF	RF01831	4LVX_A
THF	RF01831	4LVY_A
THF	RF01831	4LVZ_A
THF	RF01831	4LW0_A
Purine	RF00167	4LX5_A
Purine	RF00167	4LX6_A
glmS	RF00234	4MEG_B
glmS	RF00234	4MEH_B
tRNA	RF00005	4MGM_A
tRNA	RF00005	4MGM_B
tRNA	RF00005	4MGN_B
tRNA	RF00005	4MGN_D
U6	RF00026	4N0T_B
TPP	RF00059	4NYA_A
TPP	RF00059	4NYA_B
TPP	RF00059	4NYB_A
TPP	RF00059	4NYC_A
TPP	RF00059	4NYD_A
TPP	RF00059	4NYG_A
SAM-I-IV-variant	RF01725	4OQU_A
Metazoa_SRP	RF00017	4P3E_A
Protozoa_SRP	RF01856	4P3E_A
Tymo_tRNA-like	RF00233	4P5J_A
tRNA	RF00005	4P6F_QV
tRNA	RF00005	4P6F_QW
tRNA	RF00005	4P6F_QY
5S_rRNA	RF00001	4P6F_RB
tRNA	RF00005	4P6F_XV
tRNA	RF00005	4P6F_XW
tRNA	RF00005	4P6F_XY
5S_rRNA	RF00001	4P6F_YB
tRNA	RF00005	4P70_QV
5S_rRNA	RF00001	4P70_RB
tRNA	RF00005	4P70_XV
5S_rRNA	RF00001	4P70_YB
GIR1	RF01807	4P8Z_A
tRNA	RF00005	4QEI_C
LSU_rRNA_bacteria	RF02541	4QG3_B
ydaO-yuaA	RF00379	4QLM_A
ydaO-yuaA	RF00379	4QLN_A
LSU_rRNA_bacteria	RF02541	4QVI_B
tRNA	RF00005	4RDX_C
tRNA-Sec	RF01852	4RQE_B
tRNA	RF00005	4RQE_B
tRNA-Sec	RF01852	4RQE_D
tRNA	RF00005	4RQE_D
tRNA-Sec	RF01852	4RQF_C
tRNA	RF00005	4RQF_C
NiCo	RF02683	4RUM_A
PreQ1-III	RF02680	4RZD_A
tRNA	RF00005	4TNA_A
tRNA	RF00005	4TRA_A
tRNA	RF00005	4TUA_QV
5S_rRNA	RF00001	4TUA_RB
tRNA	RF00005	4TUA_XV
5S_rRNA	RF00001	4TUA_YB
tRNA	RF00005	4TUB_QV
5S_rRNA	RF00001	4TUB_RB
tRNA	RF00005	4TUB_XV
5S_rRNA	RF00001	4TUB_YB
tRNA	RF00005	4TUC_QV
5S_rRNA	RF00001	4TUC_RB
tRNA	RF00005	4TUC_XV
5S_rRNA	RF00001	4TUC_YB
tRNA	RF00005	4TUD_QV
5S_rRNA	RF00001	4TUD_RB
tRNA	RF00005	4TUD_XV
5S_rRNA	RF00001	4TUD_YB
tRNA	RF00005	4TUE_QV
5S_rRNA	RF00001	4TUE_RB
tRNA	RF00005	4TUE_XV
5S_rRNA	RF00001	4TUE_YB
tRNA	RF00005	4TZP_B
tRNA	RF00005	4TZP_E
tRNA	RF00005	4TZV_B
tRNA	RF00005	4TZW_B
Purine	RF00167	4TZX_X
Purine	RF00167	4TZY_X
tRNA	RF00005	4TZZ_B
tRNA	RF00005	4TZZ_E
tRNA	RF00005	4TZZ_H
tRNA	RF00005	4TZZ_K
5S_rRNA	RF00001	4U1U_BB
5S_rRNA	RF00001	4U1U_DB
5S_rRNA	RF00001	4U1V_BB
5S_rRNA	RF00001	4U1V_DB
5S_rRNA	RF00001	4U20_BB
5S_rRNA	RF00001	4U20_DB
5S_rRNA	RF00001	4U24_BB
5S_rRNA	RF00001	4U24_DB
5S_rRNA	RF00001	4U25_BB
5S_rRNA	RF00001	4U25_DB
5S_rRNA	RF00001	4U26_BB
5S_rRNA	RF00001	4U26_DB
5S_rRNA	RF00001	4U27_BB
5S_rRNA	RF00001	4U27_DB
5S_rRNA	RF00001	4U3M_3
5_8S_rRNA	RF00002	4U3M_4
5S_rRNA	RF00001	4U3M_7
5_8S_rRNA	RF00002	4U3M_8
5S_rRNA	RF00001	4U3N_3
5_8S_rRNA	RF00002	4U3N_4
5S_rRNA	RF00001	4U3N_7
5_8S_rRNA	RF00002	4U3N_8
5S_rRNA	RF00001	4U3U_3
5_8S_rRNA	RF00002	4U3U_4
5S_rRNA	RF00001	4U3U_7
5_8S_rRNA	RF00002	4U3U_8
5S_rRNA	RF00001	4U4N_3
5_8S_rRNA	RF00002	4U4N_4
5S_rRNA	RF00001	4U4N_7
5_8S_rRNA	RF00002	4U4N_8
5S_rRNA	RF00001	4U4O_3
5_8S_rRNA	RF00002	4U4O_4
5S_rRNA	RF00001	4U4O_7
5_8S_rRNA	RF00002	4U4O_8
5S_rRNA	RF00001	4U4Q_3
5_8S_rRNA	RF00002	4U4Q_4
5S_rRNA	RF00001	4U4Q_7
5_8S_rRNA	RF00002	4U4Q_8
5S_rRNA	RF00001	4U4R_3
5_8S_rRNA	RF00002	4U4R_4
5S_rRNA	RF00001	4U4R_7
5_8S_rRNA	RF00002	4U4R_8
5S_rRNA	RF00001	4U4U_3
5_8S_rRNA	RF00002	4U4U_4
5S_rRNA	RF00001	4U4U_7
5_8S_rRNA	RF00002	4U4U_8
5S_rRNA	RF00001	4U4Y_3
5_8S_rRNA	RF00002	4U4Y_4
5S_rRNA	RF00001	4U4Y_7
5_8S_rRNA	RF00002	4U4Y_8
5S_rRNA	RF00001	4U4Z_3
5_8S_rRNA	RF00002	4U4Z_4
5S_rRNA	RF00001	4U4Z_7
5_8S_rRNA	RF00002	4U4Z_8
5S_rRNA	RF00001	4U50_3
5_8S_rRNA	RF00002	4U50_4
5S_rRNA	RF00001	4U50_7
5_8S_rRNA	RF00002	4U50_8
5S_rRNA	RF00001	4U51_3
5_8S_rRNA	RF00002	4U51_4
5S_rRNA	RF00001	4U51_7
5_8S_rRNA	RF00002	4U51_8
5S_rRNA	RF00001	4U52_3
5_8S_rRNA	RF00002	4U52_4
5S_rRNA	RF00001	4U52_7
5_8S_rRNA	RF00002	4U52_8
5S_rRNA	RF00001	4U53_3
5_8S_rRNA	RF00002	4U53_4
5S_rRNA	RF00001	4U53_7
5_8S_rRNA	RF00002	4U53_8
5S_rRNA	RF00001	4U55_3
5_8S_rRNA	RF00002	4U55_4
5S_rRNA	RF00001	4U55_7
5_8S_rRNA	RF00002	4U55_8
5S_rRNA	RF00001	4U56_3
5_8S_rRNA	RF00002	4U56_4
5S_rRNA	RF00001	4U56_7
5_8S_rRNA	RF00002	4U56_8
5S_rRNA	RF00001	4U67_Y
5S_rRNA	RF00001	4U6F_3
5_8S_rRNA	RF00002	4U6F_4
5S_rRNA	RF00001	4U6F_7
5_8S_rRNA	RF00002	4U6F_8
Bacteria_large_SRP	RF01854	4UE4_A
Bacteria_small_SRP	RF00169	4UE4_A
Metazoa_SRP	RF00017	4UE5_A
Protozoa_SRP	RF01856	4UE5_A
5S_rRNA	RF00001	4UG0_L7
5_8S_rRNA	RF00002	4UG0_L8
tRNA	RF00005	4UG0_S6
5_8S_rRNA	RF00002	4UJC_A3
5S_rRNA	RF00001	4UJC_A4
tRNA	RF00005	4UJC_AA
5_8S_rRNA	RF00002	4UJD_A3
5S_rRNA	RF00001	4UJD_A4
tRNA	RF00005	4UJD_BA
5_8S_rRNA	RF00002	4UJE_A3
5S_rRNA	RF00001	4UJE_A4
tRNA	RF00005	4UJE_AV
tRNA	RF00005	4UJE_AW
5S_rRNA	RF00001	4UY8_B
tRNA	RF00005	4UY8_V
RydC	RF00505	4V2S_Q
5_8S_rRNA	RF00002	4V3P_L2
5S_rRNA	RF00001	4V3P_L3
tRNA	RF00005	4V3P_S2
tRNA	RF00005	4V42_AB
tRNA	RF00005	4V42_AC
tRNA	RF00005	4V42_AD
5S_rRNA	RF00001	4V42_BB
5S_rRNA	RF00001	4V47_A9
tRNA	RF00005	4V48_A6
5S_rRNA	RF00001	4V48_A9
tRNA	RF00005	4V49_AV
tRNA	RF00005	4V49_AW
5S_rRNA	RF00001	4V49_B9
5S_rRNA	RF00001	4V4A_B9
5S_rRNA	RF00001	4V4B_B4
5S_rRNA	RF00001	4V4G_BA
5S_rRNA	RF00001	4V4G_DA
5S_rRNA	RF00001	4V4G_FA
5S_rRNA	RF00001	4V4G_HA
5S_rRNA	RF00001	4V4G_JA
5S_rRNA	RF00001	4V4H_BA
5S_rRNA	RF00001	4V4H_DA
tRNA	RF00005	4V4I_0
5S_rRNA	RF00001	4V4I_x
tRNA	RF00005	4V4I_z
tRNA	RF00005	4V4J_2
5S_rRNA	RF00001	4V4J_x
tRNA	RF00005	4V4J_z
5S_rRNA	RF00001	4V4N_A3
tRNA	RF00005	4V4N_B1
5S_rRNA	RF00001	4V4P_AB
tRNA	RF00005	4V4P_BB
tRNA	RF00005	4V4P_BC
5S_rRNA	RF00001	4V4Q_BA
5S_rRNA	RF00001	4V4Q_DA
tRNA	RF00005	4V4R_AV
tRNA	RF00005	4V4R_AW
5S_rRNA	RF00001	4V4R_BB
tRNA	RF00005	4V4S_AV
tRNA	RF00005	4V4S_AW
5S_rRNA	RF00001	4V4S_BB
tRNA	RF00005	4V4T_AV
tRNA	RF00005	4V4T_AW
5S_rRNA	RF00001	4V4T_BB
tRNA	RF00005	4V4V_AU
tRNA	RF00005	4V4V_AV
tRNA	RF00005	4V4V_AW
5S_rRNA	RF00001	4V4V_B9
tRNA	RF00005	4V4W_AU
tRNA	RF00005	4V4W_AV
tRNA	RF00005	4V4W_AW
5S_rRNA	RF00001	4V4W_B9
tRNA	RF00005	4V4X_AC
tRNA	RF00005	4V4X_AD
5S_rRNA	RF00001	4V4X_BB
tRNA	RF00005	4V4Y_AB
tRNA	RF00005	4V4Y_AC
tRNA	RF00005	4V4Y_AD
5S_rRNA	RF00001	4V4Y_BB
tRNA	RF00005	4V4Z_AC
tRNA	RF00005	4V4Z_AD
5S_rRNA	RF00001	4V4Z_BB
5S_rRNA	RF00001	4V50_BA
5S_rRNA	RF00001	4V50_DA
tRNA	RF00005	4V51_AV
tRNA	RF00005	4V51_AW
tRNA	RF00005	4V51_AY
5S_rRNA	RF00001	4V51_BB
tRNA	RF00005	4V51_CV
tRNA	RF00005	4V51_CW
tRNA	RF00005	4V51_CY
5S_rRNA	RF00001	4V51_DB
5S_rRNA	RF00001	4V52_BA
5S_rRNA	RF00001	4V52_DA
5S_rRNA	RF00001	4V53_BA
5S_rRNA	RF00001	4V53_DA
5S_rRNA	RF00001	4V54_BA
5S_rRNA	RF00001	4V54_DA
5S_rRNA	RF00001	4V55_BA
5S_rRNA	RF00001	4V55_DA
5S_rRNA	RF00001	4V56_BA
5S_rRNA	RF00001	4V56_DA
5S_rRNA	RF00001	4V57_BA
5S_rRNA	RF00001	4V57_DA
tRNA	RF00005	4V5A_AV
tRNA	RF00005	4V5A_AW
5S_rRNA	RF00001	4V5A_BB
tRNA	RF00005	4V5A_CV
tRNA	RF00005	4V5A_CW
5S_rRNA	RF00001	4V5A_DB
5S_rRNA	RF00001	4V5B_AA
5S_rRNA	RF00001	4V5B_CA
tRNA	RF00005	4V5C_AV
tRNA	RF00005	4V5C_AW
5S_rRNA	RF00001	4V5C_BB
tRNA	RF00005	4V5C_CV
tRNA	RF00005	4V5C_CW
5S_rRNA	RF00001	4V5C_DB
tRNA	RF00005	4V5D_AW
5S_rRNA	RF00001	4V5D_BB
tRNA	RF00005	4V5D_CW
5S_rRNA	RF00001	4V5D_DB
tRNA	RF00005	4V5E_AV
tRNA	RF00005	4V5E_AW
5S_rRNA	RF00001	4V5E_BB
tRNA	RF00005	4V5E_CV
tRNA	RF00005	4V5E_CW
5S_rRNA	RF00001	4V5E_DB
tRNA	RF00005	4V5F_AV
tRNA	RF00005	4V5F_AW
5S_rRNA	RF00001	4V5F_BB
tRNA	RF00005	4V5F_CV
tRNA	RF00005	4V5F_CW
5S_rRNA	RF00001	4V5F_DB
tRNA	RF00005	4V5G_AV
tRNA	RF00005	4V5G_AW
5S_rRNA	RF00001	4V5G_BB
tRNA	RF00005	4V5G_CV
tRNA	RF00005	4V5G_CW
5S_rRNA	RF00001	4V5G_DB
tRNA	RF00005	4V5H_AV
5S_rRNA	RF00001	4V5H_BA
5S_rRNA	RF00001	4V5J_BB
5S_rRNA	RF00001	4V5J_DB
tRNA	RF00005	4V5K_AV
tRNA	RF00005	4V5K_AW
5S_rRNA	RF00001	4V5K_BB
tRNA	RF00005	4V5K_CV
tRNA	RF00005	4V5K_CW
5S_rRNA	RF00001	4V5K_DB
tRNA	RF00005	4V5L_AV
tRNA	RF00005	4V5L_AW
5S_rRNA	RF00001	4V5L_BB
tRNA	RF00005	4V5M_AV
5S_rRNA	RF00001	4V5M_BB
tRNA	RF00005	4V5N_AV
5S_rRNA	RF00001	4V5N_BB
tRNA	RF00005	4V5P_AV
tRNA	RF00005	4V5P_AW
5S_rRNA	RF00001	4V5P_BB
tRNA	RF00005	4V5P_CV
tRNA	RF00005	4V5P_CW
5S_rRNA	RF00001	4V5P_DB
tRNA	RF00005	4V5Q_AV
tRNA	RF00005	4V5Q_AW
5S_rRNA	RF00001	4V5Q_BB
tRNA	RF00005	4V5Q_CV
tRNA	RF00005	4V5Q_CW
5S_rRNA	RF00001	4V5Q_DB
tRNA	RF00005	4V5R_AV
tRNA	RF00005	4V5R_AW
5S_rRNA	RF00001	4V5R_BB
tRNA	RF00005	4V5R_CV
tRNA	RF00005	4V5R_CW
5S_rRNA	RF00001	4V5R_DB
tRNA	RF00005	4V5S_AV
tRNA	RF00005	4V5S_AW
5S_rRNA	RF00001	4V5S_BB
tRNA	RF00005	4V5S_CV
tRNA	RF00005	4V5S_CW
5S_rRNA	RF00001	4V5S_DB
5S_rRNA	RF00001	4V5Y_BA
5S_rRNA	RF00001	4V5Y_DA
5_8S_rRNA	RF00002	4V5Z_B1
5S_rRNA	RF00001	4V5Z_BY
tRNA	RF00005	4V5Z_BZ
5S_rRNA	RF00001	4V61_BB
tRNA	RF00005	4V63_AY
tRNA	RF00005	4V63_AZ
5S_rRNA	RF00001	4V63_BB
tRNA	RF00005	4V63_CY
tRNA	RF00005	4V63_CZ
5S_rRNA	RF00001	4V63_DB
5S_rRNA	RF00001	4V64_BA
5S_rRNA	RF00001	4V64_DA
tRNA	RF00005	4V65_AA
tRNA	RF00005	4V65_AE
tRNA	RF00005	4V65_AP
5S_rRNA	RF00001	4V65_BA
tRNA	RF00005	4V66_AA
tRNA	RF00005	4V66_AE
tRNA	RF00005	4V66_AP
5S_rRNA	RF00001	4V66_BA
tRNA	RF00005	4V67_AY
tRNA	RF00005	4V67_AZ
5S_rRNA	RF00001	4V67_BB
tRNA	RF00005	4V67_CY
tRNA	RF00005	4V67_CZ
5S_rRNA	RF00001	4V67_DB
tRNA	RF00005	4V68_AV
tRNA	RF00005	4V68_AW
tRNA	RF00005	4V68_AY
5S_rRNA	RF00001	4V68_BB
tRNA	RF00005	4V69_AV
tRNA	RF00005	4V69_AW
tRNA	RF00005	4V69_AY
5S_rRNA	RF00001	4V69_BA
tRNA	RF00005	4V6A_AW
5S_rRNA	RF00001	4V6A_BB
tRNA	RF00005	4V6A_CW
5S_rRNA	RF00001	4V6A_DB
5S_rRNA	RF00001	4V6C_BB
5S_rRNA	RF00001	4V6C_DB
5S_rRNA	RF00001	4V6D_BB
5S_rRNA	RF00001	4V6D_DB
5S_rRNA	RF00001	4V6E_BB
5S_rRNA	RF00001	4V6E_DB
5S_rRNA	RF00001	4V6F_AB
tRNA	RF00005	4V6F_BB
tRNA	RF00005	4V6F_BC
tRNA	RF00005	4V6F_BD
tRNA	RF00005	4V6F_CB
tRNA	RF00005	4V6F_CC
tRNA	RF00005	4V6F_CD
5S_rRNA	RF00001	4V6F_DB
tRNA	RF00005	4V6G_AC
tRNA	RF00005	4V6G_AD
5S_rRNA	RF00001	4V6G_BB
tRNA	RF00005	4V6G_CB
tRNA	RF00005	4V6G_CC
tRNA	RF00005	4V6G_CD
5S_rRNA	RF00001	4V6G_DB
tRNA	RF00005	4V6I_CB
5_8S_rRNA	RF00002	4V6I_DB
5S_rRNA	RF00001	4V6I_DC
5S_rRNA	RF00001	4V6K_AA
5S_rRNA	RF00001	4V6L_BA
tRNA	RF00005	4V6M_AV
5S_rRNA	RF00001	4V6M_B7
5S_rRNA	RF00001	4V6N_AA
tRNA	RF00005	4V6N_BB
tRNA	RF00005	4V6N_BD
tRNA	RF00005	4V6O_AB
tRNA	RF00005	4V6O_AD
5S_rRNA	RF00001	4V6O_BA
tRNA	RF00005	4V6P_AB
tRNA	RF00005	4V6P_AD
5S_rRNA	RF00001	4V6P_BA
tRNA	RF00005	4V6Q_AB
tRNA	RF00005	4V6Q_AD
5S_rRNA	RF00001	4V6Q_BA
tRNA	RF00005	4V6R_AB
tRNA	RF00005	4V6R_AD
5S_rRNA	RF00001	4V6R_BA
5S_rRNA	RF00001	4V6S_AA
tRNA	RF00005	4V6S_BC
tmRNA	RF00023	4V6T_AV
tRNA	RF00005	4V6T_AX
5S_rRNA	RF00001	4V6T_BB
tRNA	RF00005	4V6U_A0
tRNA	RF00005	4V6U_A1
5S_rRNA	RF00001	4V6U_B3
tRNA	RF00005	4V6V_A3
5S_rRNA	RF00001	4V6V_Ba
5S_rRNA	RF00001	4V6W_A7
5_8S_rRNA	RF00002	4V6W_A8
tRNA	RF00005	4V6W_BC
5S_rRNA	RF00001	4V6X_A7
5_8S_rRNA	RF00002	4V6X_A8
tRNA	RF00005	4V6X_BC
tRNA	RF00005	4V6Y_A3
5S_rRNA	RF00001	4V6Y_BB
tRNA	RF00005	4V6Z_A3
5S_rRNA	RF00001	4V6Z_BB
tRNA	RF00005	4V70_A3
5S_rRNA	RF00001	4V70_BB
tRNA	RF00005	4V71_A3
5S_rRNA	RF00001	4V71_BB
tRNA	RF00005	4V72_A3
5S_rRNA	RF00001	4V72_BB
tRNA	RF00005	4V73_A3
5S_rRNA	RF00001	4V73_BB
tRNA	RF00005	4V74_A3
5S_rRNA	RF00001	4V74_BB
tRNA	RF00005	4V75_A3
5S_rRNA	RF00001	4V75_BB
tRNA	RF00005	4V76_A3
5S_rRNA	RF00001	4V76_BB
tRNA	RF00005	4V77_A3
5S_rRNA	RF00001	4V77_BB
tRNA	RF00005	4V78_A3
5S_rRNA	RF00001	4V78_BB
tRNA	RF00005	4V79_A3
5S_rRNA	RF00001	4V79_BB
5S_rRNA	RF00001	4V7A_BB
tRNA	RF00005	4V7B_AV
tRNA	RF00005	4V7B_AW
5S_rRNA	RF00001	4V7B_BB
tRNA	RF00005	4V7C_AV
tRNA	RF00005	4V7C_AW
5S_rRNA	RF00001	4V7C_BB
5S_rRNA	RF00001	4V7D_AB
tRNA	RF00005	4V7D_BV
tRNA	RF00005	4V7D_BW
5S_rRNA	RF00001	4V7E_Ab
5_8S_rRNA	RF00002	4V7E_Ac
tRNA	RF00005	4V7E_Ae
5_8S_rRNA	RF00002	4V7F_2
5S_rRNA	RF00001	4V7F_3
tRNA	RF00005	4V7H_A7
5S_rRNA	RF00001	4V7H_B3
5_8S_rRNA	RF00002	4V7H_B4
5S_rRNA	RF00001	4V7I_A7
5S_rRNA	RF00001	4V7J_AB
tRNA	RF00005	4V7J_Av
tRNA	RF00005	4V7J_Aw
5S_rRNA	RF00001	4V7J_BB
tRNA	RF00005	4V7J_Bv
tRNA	RF00005	4V7J_Bw
5S_rRNA	RF00001	4V7K_AB
tRNA	RF00005	4V7K_Av
tRNA	RF00005	4V7K_Aw
5S_rRNA	RF00001	4V7K_BB
tRNA	RF00005	4V7K_Bv
tRNA	RF00005	4V7K_Bw
tRNA	RF00005	4V7L_AW
tRNA	RF00005	4V7L_AX
tRNA	RF00005	4V7L_AY
5S_rRNA	RF00001	4V7L_BB
tRNA	RF00005	4V7L_CW
tRNA	RF00005	4V7L_CX
tRNA	RF00005	4V7L_CY
5S_rRNA	RF00001	4V7L_DB
tRNA	RF00005	4V7M_AW
tRNA	RF00005	4V7M_AX
tRNA	RF00005	4V7M_AY
5S_rRNA	RF00001	4V7M_BB
tRNA	RF00005	4V7M_CW
tRNA	RF00005	4V7M_CX
tRNA	RF00005	4V7M_CY
5S_rRNA	RF00001	4V7M_DB
tRNA	RF00005	4V7P_AW
5S_rRNA	RF00001	4V7P_BB
5S_rRNA	RF00001	4V7P_CB
tRNA	RF00005	4V7P_DW
5S_rRNA	RF00001	4V7R_B2
5_8S_rRNA	RF00002	4V7R_B3
5S_rRNA	RF00001	4V7R_D2
5_8S_rRNA	RF00002	4V7R_D3
5S_rRNA	RF00001	4V7S_BB
5S_rRNA	RF00001	4V7S_DB
5S_rRNA	RF00001	4V7T_BB
5S_rRNA	RF00001	4V7T_DB
5S_rRNA	RF00001	4V7U_BB
5S_rRNA	RF00001	4V7U_DB
5S_rRNA	RF00001	4V7V_BB
5S_rRNA	RF00001	4V7V_DB
5S_rRNA	RF00001	4V7W_BB
5S_rRNA	RF00001	4V7W_DB
5S_rRNA	RF00001	4V7X_BB
5S_rRNA	RF00001	4V7X_DB
5S_rRNA	RF00001	4V7Y_BB
5S_rRNA	RF00001	4V7Y_DB
5S_rRNA	RF00001	4V7Z_BB
5S_rRNA	RF00001	4V7Z_DB
5S_rRNA	RF00001	4V83_BB
5S_rRNA	RF00001	4V83_DB
5S_rRNA	RF00001	4V84_BB
5S_rRNA	RF00001	4V84_DB
5S_rRNA	RF00001	4V85_BB
5S_rRNA	RF00001	4V87_AB
tRNA	RF00005	4V87_BB
tRNA	RF00005	4V87_BC
tRNA	RF00005	4V87_BD
tRNA	RF00005	4V87_CB
tRNA	RF00005	4V87_CC
tRNA	RF00005	4V87_CD
5S_rRNA	RF00001	4V87_DB
5S_rRNA	RF00001	4V88_A3
5_8S_rRNA	RF00002	4V88_A4
5S_rRNA	RF00001	4V88_A7
5_8S_rRNA	RF00002	4V88_A8
5S_rRNA	RF00001	4V89_BB
5S_rRNA	RF00001	4V8A_AB
5S_rRNA	RF00001	4V8A_BB
tRNA	RF00005	4V8B_AB
tRNA	RF00005	4V8B_AC
tRNA	RF00005	4V8B_AD
5S_rRNA	RF00001	4V8B_BB
tRNA	RF00005	4V8B_CB
tRNA	RF00005	4V8B_CC
tRNA	RF00005	4V8B_CD
5S_rRNA	RF00001	4V8B_DB
5S_rRNA	RF00001	4V8C_AB
5S_rRNA	RF00001	4V8C_BB
tRNA	RF00005	4V8C_CB
tRNA	RF00005	4V8C_CC
tRNA	RF00005	4V8C_CD
tRNA	RF00005	4V8C_DB
tRNA	RF00005	4V8C_DC
tRNA	RF00005	4V8C_DD
tRNA	RF00005	4V8D_AB
tRNA	RF00005	4V8D_AC
tRNA	RF00005	4V8D_AD
5S_rRNA	RF00001	4V8D_BB
tRNA	RF00005	4V8D_CB
tRNA	RF00005	4V8D_CC
tRNA	RF00005	4V8D_CD
5S_rRNA	RF00001	4V8D_DB
5S_rRNA	RF00001	4V8E_AB
tRNA	RF00005	4V8E_BB
tRNA	RF00005	4V8E_BC
tRNA	RF00005	4V8E_BD
5S_rRNA	RF00001	4V8E_CB
tRNA	RF00005	4V8E_DB
tRNA	RF00005	4V8E_DC
tRNA	RF00005	4V8E_DD
5S_rRNA	RF00001	4V8F_AB
tRNA	RF00005	4V8F_BB
tRNA	RF00005	4V8F_BC
tRNA	RF00005	4V8F_BD
tRNA	RF00005	4V8F_CB
tRNA	RF00005	4V8F_CC
tRNA	RF00005	4V8F_CD
5S_rRNA	RF00001	4V8F_DB
5S_rRNA	RF00001	4V8G_BB
5S_rRNA	RF00001	4V8G_DB
5S_rRNA	RF00001	4V8H_BB
5S_rRNA	RF00001	4V8H_DB
5S_rRNA	RF00001	4V8I_BB
5S_rRNA	RF00001	4V8I_DB
tRNA	RF00005	4V8J_AV
tRNA	RF00005	4V8J_AW
tRNA	RF00005	4V8J_AY
5S_rRNA	RF00001	4V8J_BB
tRNA	RF00005	4V8J_CV
tRNA	RF00005	4V8J_CW
tRNA	RF00005	4V8J_CY
5S_rRNA	RF00001	4V8J_DB
tRNA	RF00005	4V8M_AB
5_8S_rRNA	RF00002	4V8M_BC
5S_rRNA	RF00001	4V8M_BD
LSU_rRNA_eukarya	RF02543	4V8M_BG
LSU_rRNA_archaea	RF02540	4V8M_BG
LSU_rRNA_bacteria	RF02541	4V8M_BG
tRNA	RF00005	4V8N_AW
5S_rRNA	RF00001	4V8N_BB
tRNA	RF00005	4V8N_CW
5S_rRNA	RF00001	4V8N_DB
tRNA	RF00005	4V8O_AV
5S_rRNA	RF00001	4V8O_BB
5_8S_rRNA	RF00002	4V8P_B2
5S_rRNA	RF00001	4V8P_B3
5_8S_rRNA	RF00002	4V8P_C2
5S_rRNA	RF00001	4V8P_C3
5_8S_rRNA	RF00002	4V8P_E2
5S_rRNA	RF00001	4V8P_E3
5_8S_rRNA	RF00002	4V8P_G2
5S_rRNA	RF00001	4V8P_G3
5S_rRNA	RF00001	4V8Q_AB
tRNA	RF00005	4V8Q_BV
tRNA	RF00005	4V8Q_BW
tmRNA	RF00023	4V8Q_BY
5S_rRNA	RF00001	4V8T_7
5_8S_rRNA	RF00002	4V8T_8
tRNA	RF00005	4V8U_AV
tRNA	RF00005	4V8U_AW
5S_rRNA	RF00001	4V8U_BB
tRNA	RF00005	4V8U_CV
tRNA	RF00005	4V8U_CW
5S_rRNA	RF00001	4V8U_DB
tRNA	RF00005	4V8X_AV
tRNA	RF00005	4V8X_AW
5S_rRNA	RF00001	4V8X_BB
tRNA	RF00005	4V8X_CV
tRNA	RF00005	4V8X_CW
5S_rRNA	RF00001	4V8X_DB
5S_rRNA	RF00001	4V8Y_B7
5_8S_rRNA	RF00002	4V8Y_B8
LSU_rRNA_bacteria	RF02541	4V8Y_CN
tRNA	RF00005	4V8Y_CW
5S_rRNA	RF00001	4V8Z_B7
5_8S_rRNA	RF00002	4V8Z_B8
tRNA	RF00005	4V8Z_CW
tRNA	RF00005	4V90_AV
5S_rRNA	RF00001	4V90_BB
5S_rRNA	RF00001	4V91_3
5_8S_rRNA	RF00002	4V91_4
IRES_Cripavirus	RF00458	4V92_AZ
tRNA	RF00005	4V95_AV
5S_rRNA	RF00001	4V95_BB
tRNA	RF00005	4V95_CV
5S_rRNA	RF00001	4V95_DB
tRNA	RF00005	4V97_AV
tRNA	RF00005	4V97_AW
tRNA	RF00005	4V97_AY
5S_rRNA	RF00001	4V97_BB
tRNA	RF00005	4V97_CV
tRNA	RF00005	4V97_CW
tRNA	RF00005	4V97_CY
5S_rRNA	RF00001	4V97_DB
tRNA	RF00005	4V9A_AC
5S_rRNA	RF00001	4V9A_BB
tRNA	RF00005	4V9A_CC
5S_rRNA	RF00001	4V9A_DB
tRNA	RF00005	4V9B_AC
tRNA	RF00005	4V9B_AD
5S_rRNA	RF00001	4V9B_BB
tRNA	RF00005	4V9B_CC
tRNA	RF00005	4V9B_CD
5S_rRNA	RF00001	4V9B_DB
tRNA	RF00005	4V9C_AV
5S_rRNA	RF00001	4V9C_BB
tRNA	RF00005	4V9C_CV
5S_rRNA	RF00001	4V9C_DB
tRNA	RF00005	4V9D_AV
tRNA	RF00005	4V9D_BV
5S_rRNA	RF00001	4V9D_CB
5S_rRNA	RF00001	4V9D_DB
5S_rRNA	RF00001	4V9F_9
tRNA	RF00005	4V9H_AV
5S_rRNA	RF00001	4V9H_BB
tRNA	RF00005	4V9I_AV
tRNA	RF00005	4V9I_AW
tRNA	RF00005	4V9I_AY
5S_rRNA	RF00001	4V9I_BB
tRNA	RF00005	4V9I_CV
tRNA	RF00005	4V9I_CW
tRNA	RF00005	4V9I_CY
5S_rRNA	RF00001	4V9I_DB
tRNA	RF00005	4V9J_AW
5S_rRNA	RF00001	4V9J_BB
tRNA	RF00005	4V9J_CW
5S_rRNA	RF00001	4V9J_DB
tRNA	RF00005	4V9K_AW
5S_rRNA	RF00001	4V9K_BB
tRNA	RF00005	4V9K_CW
5S_rRNA	RF00001	4V9K_DB
tRNA	RF00005	4V9L_AW
5S_rRNA	RF00001	4V9L_BB
tRNA	RF00005	4V9L_CW
5S_rRNA	RF00001	4V9L_DB
tRNA	RF00005	4V9M_AW
5S_rRNA	RF00001	4V9M_BB
tRNA	RF00005	4V9M_CW
5S_rRNA	RF00001	4V9M_DB
tRNA	RF00005	4V9N_AW
5S_rRNA	RF00001	4V9N_BB
tRNA	RF00005	4V9N_CW
5S_rRNA	RF00001	4V9N_DB
5S_rRNA	RF00001	4V9O_AB
5S_rRNA	RF00001	4V9O_CB
5S_rRNA	RF00001	4V9O_EB
5S_rRNA	RF00001	4V9O_GB
5S_rRNA	RF00001	4V9P_AB
5S_rRNA	RF00001	4V9P_CB
5S_rRNA	RF00001	4V9P_EB
5S_rRNA	RF00001	4V9P_GB
5S_rRNA	RF00001	4V9Q_AB
tRNA	RF00005	4V9Q_BV
tRNA	RF00005	4V9Q_BW
5S_rRNA	RF00001	4V9Q_CB
tRNA	RF00005	4V9Q_DV
tRNA	RF00005	4V9Q_DW
tRNA	RF00005	4V9R_AX
5S_rRNA	RF00001	4V9R_BB
tRNA	RF00005	4V9R_CX
5S_rRNA	RF00001	4V9R_DB
tRNA	RF00005	4V9S_AX
5S_rRNA	RF00001	4V9S_BB
tRNA	RF00005	4V9S_CX
5S_rRNA	RF00001	4V9S_DB
tRNA	RF00005	4W29_AW
5S_rRNA	RF00001	4W29_BB
tRNA	RF00005	4W29_CW
5S_rRNA	RF00001	4W29_DB
5S_rRNA	RF00001	4W2E_B
tRNA	RF00005	4W2E_x
tRNA	RF00005	4W2F_AW
tRNA	RF00005	4W2F_AX
tRNA	RF00005	4W2F_AY
5S_rRNA	RF00001	4W2F_BB
tRNA	RF00005	4W2F_CW
tRNA	RF00005	4W2F_CX
tRNA	RF00005	4W2F_CY
5S_rRNA	RF00001	4W2F_DB
tRNA	RF00005	4W2G_AW
tRNA	RF00005	4W2G_AX
tRNA	RF00005	4W2G_AY
5S_rRNA	RF00001	4W2G_BB
tRNA	RF00005	4W2G_CW
tRNA	RF00005	4W2G_CX
tRNA	RF00005	4W2G_CY
5S_rRNA	RF00001	4W2G_DB
tRNA	RF00005	4W2H_AX
tRNA	RF00005	4W2H_AY
5S_rRNA	RF00001	4W2H_BB
tRNA	RF00005	4W2H_CX
tRNA	RF00005	4W2H_CY
5S_rRNA	RF00001	4W2H_DB
tRNA	RF00005	4W2I_AW
tRNA	RF00005	4W2I_AX
tRNA	RF00005	4W2I_AY
5S_rRNA	RF00001	4W2I_BB
tRNA	RF00005	4W2I_CW
tRNA	RF00005	4W2I_CX
tRNA	RF00005	4W2I_CY
5S_rRNA	RF00001	4W2I_DB
tRNA	RF00005	4W4G_QV
tRNA	RF00005	4W4G_QW
5S_rRNA	RF00001	4W4G_RB
tRNA	RF00005	4W4G_XV
tRNA	RF00005	4W4G_XW
5S_rRNA	RF00001	4W4G_YB
ydaO-yuaA	RF00379	4W90_C
ydaO-yuaA	RF00379	4W92_C
tRNA	RF00005	4WC2_B
tRNA	RF00005	4WC3_B
tRNA	RF00005	4WC4_B
tRNA	RF00005	4WC5_B
tRNA	RF00005	4WC6_B
tRNA	RF00005	4WC7_B
5S_rRNA	RF00001	4WCE_Y
5S_rRNA	RF00001	4WF1_BB
5S_rRNA	RF00001	4WF1_DB
5S_rRNA	RF00001	4WF9_Y
5S_rRNA	RF00001	4WFA_Y
5S_rRNA	RF00001	4WFB_Y
Bacteria_large_SRP	RF01854	4WFL_A
Bacteria_large_SRP	RF01854	4WFM_A
Bacteria_large_SRP	RF01854	4WFM_B
5S_rRNA	RF00001	4WFN_Y
tRNA	RF00005	4WJ3_Q
tRNA	RF00005	4WJ3_R
tRNA	RF00005	4WJ3_S
tRNA	RF00005	4WJ3_T
tRNA	RF00005	4WJ4_B
tRNA	RF00005	4WOI_AX
5S_rRNA	RF00001	4WOI_BB
5S_rRNA	RF00001	4WOI_CB
tRNA	RF00005	4WOI_DW
5S_rRNA	RF00001	4WPO_AB
tRNA	RF00005	4WPO_BY
5S_rRNA	RF00001	4WPO_CB
tRNA	RF00005	4WPO_DY
5S_rRNA	RF00001	4WQ1_16
5S_rRNA	RF00001	4WQ1_1J
tRNA	RF00005	4WQ1_1K
tRNA	RF00005	4WQ1_1L
tRNA	RF00005	4WQ1_2K
tRNA	RF00005	4WQ1_2L
tRNA	RF00005	4WQ1_3K
tRNA	RF00005	4WQ1_3L
5S_rRNA	RF00001	4WQF_AB
tRNA	RF00005	4WQF_BW
tRNA	RF00005	4WQF_BY
5S_rRNA	RF00001	4WQF_CB
tRNA	RF00005	4WQF_DW
tRNA	RF00005	4WQF_DY
5S_rRNA	RF00001	4WQR_16
5S_rRNA	RF00001	4WQR_1J
tRNA	RF00005	4WQR_1K
tRNA	RF00005	4WQR_1L
tRNA	RF00005	4WQR_2K
tRNA	RF00005	4WQR_2L
tRNA	RF00005	4WQR_3K
tRNA	RF00005	4WQR_3L
5S_rRNA	RF00001	4WQU_AB
tRNA	RF00005	4WQU_BW
tRNA	RF00005	4WQU_BY
5S_rRNA	RF00001	4WQU_CB
tRNA	RF00005	4WQU_DW
tRNA	RF00005	4WQU_DY
5S_rRNA	RF00001	4WQY_AB
tRNA	RF00005	4WQY_BX
5S_rRNA	RF00001	4WQY_CB
tRNA	RF00005	4WQY_DX
5S_rRNA	RF00001	4WR6_16
5S_rRNA	RF00001	4WR6_1J
tRNA	RF00005	4WR6_1K
tRNA	RF00005	4WR6_1L
tRNA	RF00005	4WR6_2K
tRNA	RF00005	4WR6_2L
tRNA	RF00005	4WR6_3K
tRNA	RF00005	4WR6_3L
5S_rRNA	RF00001	4WRA_16
5S_rRNA	RF00001	4WRA_1J
tRNA	RF00005	4WRA_1K
tRNA	RF00005	4WRA_1L
tRNA	RF00005	4WRA_2K
tRNA	RF00005	4WRA_2L
tRNA	RF00005	4WRA_3K
tRNA	RF00005	4WRA_3L
5S_rRNA	RF00001	4WRO_16
5S_rRNA	RF00001	4WRO_1J
tRNA	RF00005	4WRO_1K
tRNA	RF00005	4WRO_1L
tRNA	RF00005	4WRO_2K
tRNA	RF00005	4WRO_2L
tRNA	RF00005	4WRO_3K
tRNA	RF00005	4WRO_3L
5S_rRNA	RF00001	4WSD_16
5S_rRNA	RF00001	4WSD_1J
tRNA	RF00005	4WSD_1K
tRNA	RF00005	4WSD_1L
tRNA	RF00005	4WSD_2K
tRNA	RF00005	4WSD_2L
tRNA	RF00005	4WSD_3K
tRNA	RF00005	4WSD_3L
5S_rRNA	RF00001	4WSM_16
5S_rRNA	RF00001	4WSM_1J
tRNA	RF00005	4WSM_1K
tRNA	RF00005	4WSM_1L
tRNA	RF00005	4WSM_2K
tRNA	RF00005	4WSM_2L
tRNA	RF00005	4WSM_3K
tRNA	RF00005	4WSM_3L
5S_rRNA	RF00001	4WT1_16
5S_rRNA	RF00001	4WT1_1J
tRNA	RF00005	4WT1_1K
tRNA	RF00005	4WT1_1L
tRNA	RF00005	4WT1_2K
tRNA	RF00005	4WT1_2L
tRNA	RF00005	4WT1_3K
tRNA	RF00005	4WT1_3L
tRNA	RF00005	4WT8_C2
tRNA	RF00005	4WT8_C3
tRNA	RF00005	4WT8_C4
5S_rRNA	RF00001	4WT8_Cs
tRNA	RF00005	4WT8_D3
tRNA	RF00005	4WT8_D4
tRNA	RF00005	4WT8_DV
5S_rRNA	RF00001	4WT8_Ds
5S_rRNA	RF00001	4WU1_16
5S_rRNA	RF00001	4WU1_1J
tRNA	RF00005	4WU1_2K
tRNA	RF00005	4WU1_2L
tRNA	RF00005	4WU1_3K
tRNA	RF00005	4WU1_3L
5S_rRNA	RF00001	4WWW_RB
5S_rRNA	RF00001	4WWW_YB
5S_rRNA	RF00001	4WZD_16
5S_rRNA	RF00001	4WZD_1J
tRNA	RF00005	4WZD_2K
tRNA	RF00005	4WZD_2L
tRNA	RF00005	4WZD_3K
tRNA	RF00005	4WZD_3L
5S_rRNA	RF00001	4WZO_16
5S_rRNA	RF00001	4WZO_1J
tRNA	RF00005	4WZO_1K
tRNA	RF00005	4WZO_2K
tRNA	RF00005	4WZO_2L
tRNA	RF00005	4WZO_3K
tRNA	RF00005	4WZO_3L
tRNA	RF00005	4X0A_B
tRNA	RF00005	4X0B_B
Bacteria_small_SRP	RF00169	4XCO_E
Bacteria_small_SRP	RF00169	4XCO_M
5S_rRNA	RF00001	4XEJ_A5S
IRES_Cripavirus	RF00458	4XEJ_AIRE
5S_rRNA	RF00001	4XEJ_B5S
IRES_Cripavirus	RF00458	4XEJ_BIRE
Purine	RF00167	4XNR_X
ZMP-ZTP	RF01750	4XW7_A
ZMP-ZTP	RF01750	4XWF_A
group-II-D1D4-3	RF02001	4Y1N_A
group-II-D1D4-3	RF02001	4Y1N_B
group-II-D1D4-3	RF02001	4Y1O_A
group-II-D1D4-3	RF02001	4Y1O_B
5S_rRNA	RF00001	4Y4O_1B
5S_rRNA	RF00001	4Y4O_2B
5S_rRNA	RF00001	4Y4P_1B
tRNA	RF00005	4Y4P_1w
tRNA	RF00005	4Y4P_1x
tRNA	RF00005	4Y4P_1y
5S_rRNA	RF00001	4Y4P_2B
tRNA	RF00005	4Y4P_2w
tRNA	RF00005	4Y4P_2x
tRNA	RF00005	4Y4P_2y
c-di-GMP-I	RF01051	4YAZ_A
c-di-GMP-I	RF01051	4YAZ_R
c-di-GMP-I	RF01051	4YB0_A
c-di-GMP-I	RF01051	4YB0_R
c-di-GMP-I	RF01051	4YB1_R
5S_rRNA	RF00001	4YBB_CB
5S_rRNA	RF00001	4YBB_DB
tRNA	RF00005	4YCO_D
tRNA	RF00005	4YCO_E
tRNA	RF00005	4YCO_F
tRNA	RF00005	4YCP_B
tRNA	RF00005	4YPB_QV
tRNA	RF00005	4YPB_QW
5S_rRNA	RF00001	4YPB_RB
tRNA	RF00005	4YPB_XV
tRNA	RF00005	4YPB_XW
5S_rRNA	RF00001	4YPB_YB
tRNA	RF00005	4YVI_C
tRNA	RF00005	4YVJ_C
tRNA	RF00005	4YVK_C
tRNA	RF00005	4YYE_C
tRNA	RF00005	4YYE_D
tRNA	RF00005	4YZV_QV
5S_rRNA	RF00001	4YZV_RB
tRNA	RF00005	4YZV_XV
5S_rRNA	RF00001	4YZV_YB
5S_rRNA	RF00001	4Z3S_1B
tRNA	RF00005	4Z3S_1w
tRNA	RF00005	4Z3S_1y
5S_rRNA	RF00001	4Z3S_2B
tRNA	RF00005	4Z3S_2w
tRNA	RF00005	4Z3S_2y
5S_rRNA	RF00001	4Z8C_1B
tRNA	RF00005	4Z8C_1x
5S_rRNA	RF00001	4Z8C_2B
tRNA	RF00005	4Z8C_2x
tRNA-Sec	RF01852	4ZDO_E
tRNA	RF00005	4ZDO_E
tRNA-Sec	RF01852	4ZDP_E
tRNA	RF00005	4ZDP_E
5S_rRNA	RF00001	4ZER_1B
tRNA	RF00005	4ZER_1x
5S_rRNA	RF00001	4ZER_2B
tRNA	RF00005	4ZER_2x
ZMP-ZTP	RF01750	4ZNP_A
ZMP-ZTP	RF01750	4ZNP_B
tRNA	RF00005	4ZSN_QV
5S_rRNA	RF00001	4ZSN_RB
tRNA	RF00005	4ZSN_XV
5S_rRNA	RF00001	4ZSN_YB
IRES_HCV	RF00061	5A2Q_3
5S_rRNA	RF00001	5A9Z_AB
5S_rRNA	RF00001	5AA0_AB
tRNA	RF00005	5AA0_BC
tRNA	RF00005	5AA0_BD
tRNA	RF00005	5AA0_BE
5S_rRNA	RF00001	5ADY_A
5S_rRNA	RF00001	5AFI_B
tRNA	RF00005	5AFI_v
tRNA	RF00005	5AFI_w
tRNA	RF00005	5AH5_C
tRNA	RF00005	5AH5_D
5_8S_rRNA	RF00002	5AJ0_A3
5S_rRNA	RF00001	5AJ0_A4
tRNA	RF00005	5AJ0_Bv
tRNA	RF00005	5AJ0_Bw
Bacteria_small_SRP	RF00169	5AKA_7
5S_rRNA	RF00001	5AKA_A
5S_rRNA	RF00001	5APN_7
5_8S_rRNA	RF00002	5APN_8
5S_rRNA	RF00001	5APO_7
5_8S_rRNA	RF00002	5APO_8
tRNA	RF00005	5AXM_P
tRNA	RF00005	5AXN_P
tRNA	RF00005	5B63_B
tRNA	RF00005	5B63_D
ZMP-ZTP	RF01750	5BTP_A
ZMP-ZTP	RF01750	5BTP_B
Purine	RF00167	5C7U_B
tRNA	RF00005	5CCB_N
tRNA	RF00005	5CCX_N
tRNA	RF00005	5CD1_M
tRNA	RF00005	5CD1_N
tRNA	RF00005	5CZP_QV
5S_rRNA	RF00001	5CZP_RB
tRNA	RF00005	5CZP_XV
5S_rRNA	RF00001	5CZP_YB
LSU_rRNA_archaea	RF02540	5D6G_0
LSU_rRNA_bacteria	RF02541	5D6G_0
LSU_rRNA_eukarya	RF02543	5D6G_0
5S_rRNA	RF00001	5D8B_AD
tRNA	RF00005	5D8B_BD
tRNA	RF00005	5D8B_ED
tRNA	RF00005	5D8B_FD
5S_rRNA	RF00001	5D8B_WC
tRNA	RF00005	5D8B_XC
LSU_rRNA_archaea	RF02540	5D8H_A
LSU_rRNA_bacteria	RF02541	5D8H_A
LSU_rRNA_eukarya	RF02543	5D8H_A
LSU_rRNA_archaea	RF02540	5DAR_A
LSU_rRNA_bacteria	RF02541	5DAR_A
LSU_rRNA_eukarya	RF02543	5DAR_A
LSU_rRNA_archaea	RF02540	5DAR_D
LSU_rRNA_bacteria	RF02541	5DAR_D
LSU_rRNA_eukarya	RF02543	5DAR_D
5S_rRNA	RF00001	5DAT_3
5_8S_rRNA	RF00002	5DAT_4
5S_rRNA	RF00001	5DAT_7
5_8S_rRNA	RF00002	5DAT_8
5S_rRNA	RF00001	5DC3_3
5_8S_rRNA	RF00002	5DC3_4
5S_rRNA	RF00001	5DC3_7
5_8S_rRNA	RF00002	5DC3_8
glnA	RF01739	5DDP_A
glnA	RF01739	5DDP_B
glnA	RF01739	5DDQ_A
glnA	RF01739	5DDQ_B
glnA	RF01739	5DDR_A
glnA	RF01739	5DDR_B
tRNA	RF00005	5DFE_QV
5S_rRNA	RF00001	5DFE_RB
tRNA	RF00005	5DFE_XV
5S_rRNA	RF00001	5DFE_YB
5S_rRNA	RF00001	5DGE_3
5_8S_rRNA	RF00002	5DGE_4
5S_rRNA	RF00001	5DGE_7
5_8S_rRNA	RF00002	5DGE_8
5S_rRNA	RF00001	5DGF_3
5_8S_rRNA	RF00002	5DGF_4
5S_rRNA	RF00001	5DGF_7
5_8S_rRNA	RF00002	5DGF_8
5S_rRNA	RF00001	5DGV_3
5_8S_rRNA	RF00002	5DGV_4
5S_rRNA	RF00001	5DGV_7
5_8S_rRNA	RF00002	5DGV_8
Hammerhead_3	RF00008	5DI2_A
Hammerhead_3	RF00008	5DI4_A
5S_rRNA	RF00001	5DM6_Y
5S_rRNA	RF00001	5DM7_Y
5S_rRNA	RF00001	5DOX_1B
5S_rRNA	RF00001	5DOX_2B
5S_rRNA	RF00001	5DOY_1B
tRNA	RF00005	5DOY_1w
tRNA	RF00005	5DOY_1y
5S_rRNA	RF00001	5DOY_2B
tRNA	RF00005	5DOY_2w
tRNA	RF00005	5DOY_2y
Hammerhead_3	RF00008	5DQK_A
Purine	RF00167	5E54_A
Purine	RF00167	5E54_B
tRNA	RF00005	5E6M_C
tRNA	RF00005	5E6M_E
5S_rRNA	RF00001	5E7K_16
5S_rRNA	RF00001	5E7K_1J
tRNA	RF00005	5E7K_1K
tRNA	RF00005	5E7K_1L
tRNA	RF00005	5E7K_2K
tRNA	RF00005	5E7K_2L
tRNA	RF00005	5E7K_3K
tRNA	RF00005	5E7K_3L
5S_rRNA	RF00001	5E81_16
5S_rRNA	RF00001	5E81_1J
tRNA	RF00005	5E81_1K
tRNA	RF00005	5E81_1L
tRNA	RF00005	5E81_2K
tRNA	RF00005	5E81_2L
tRNA	RF00005	5E81_3K
tRNA	RF00005	5E81_3L
Hammerhead_3	RF00008	5EAO_A
Hammerhead_3	RF00008	5EAQ_A
5S_rRNA	RF00001	5EL4_16
5S_rRNA	RF00001	5EL4_1J
tRNA	RF00005	5EL4_1K
tRNA	RF00005	5EL4_1L
tRNA	RF00005	5EL4_2K
tRNA	RF00005	5EL4_2L
tRNA	RF00005	5EL4_3K
tRNA	RF00005	5EL4_3L
5S_rRNA	RF00001	5EL5_16
5S_rRNA	RF00001	5EL5_1J
tRNA	RF00005	5EL5_1K
tRNA	RF00005	5EL5_1L
tRNA	RF00005	5EL5_2K
tRNA	RF00005	5EL5_2L
tRNA	RF00005	5EL5_3K
tRNA	RF00005	5EL5_3L
5S_rRNA	RF00001	5EL6_16
5S_rRNA	RF00001	5EL6_1J
tRNA	RF00005	5EL6_1K
tRNA	RF00005	5EL6_1L
tRNA	RF00005	5EL6_2K
tRNA	RF00005	5EL6_2L
tRNA	RF00005	5EL6_3K
tRNA	RF00005	5EL6_3L
5S_rRNA	RF00001	5EL7_16
5S_rRNA	RF00001	5EL7_1J
tRNA	RF00005	5EL7_1K
tRNA	RF00005	5EL7_1L
tRNA	RF00005	5EL7_2K
tRNA	RF00005	5EL7_2L
tRNA	RF00005	5EL7_3K
tRNA	RF00005	5EL7_3L
5S_rRNA	RF00001	5F8K_1B
tRNA	RF00005	5F8K_1x
5S_rRNA	RF00001	5F8K_2B
tRNA	RF00005	5F8K_2x
5S_rRNA	RF00001	5FCI_3
5_8S_rRNA	RF00002	5FCI_4
5S_rRNA	RF00001	5FCI_7
5_8S_rRNA	RF00002	5FCI_8
5S_rRNA	RF00001	5FCJ_3
5_8S_rRNA	RF00002	5FCJ_4
5S_rRNA	RF00001	5FCJ_7
5_8S_rRNA	RF00002	5FCJ_8
5S_rRNA	RF00001	5FDU_1B
5S_rRNA	RF00001	5FDU_2B
5S_rRNA	RF00001	5FDV_1B
5S_rRNA	RF00001	5FDV_2B
SAM	RF00162	5FJC_A
SAM	RF00162	5FK1_A
SAM	RF00162	5FK2_A
SAM	RF00162	5FK3_A
SAM	RF00162	5FK4_A
SAM	RF00162	5FK5_A
SAM	RF00162	5FK6_A
SAM	RF00162	5FKD_A
SAM	RF00162	5FKE_A
SAM	RF00162	5FKF_A
SAM	RF00162	5FKG_A
SAM	RF00162	5FKH_A
5_8S_rRNA	RF00002	5FL8_y
5S_rRNA	RF00001	5FL8_z
Bacteria_small_SRP	RF00169	5GAD_1
5S_rRNA	RF00001	5GAD_B
5S_rRNA	RF00001	5GAE_B
Bacteria_small_SRP	RF00169	5GAF_1
5S_rRNA	RF00001	5GAF_B
Bacteria_small_SRP	RF00169	5GAG_1
5S_rRNA	RF00001	5GAG_B
Bacteria_small_SRP	RF00169	5GAH_1
5S_rRNA	RF00001	5GAH_B
5S_rRNA	RF00001	5GAK_3
5_8S_rRNA	RF00002	5GAK_4
tRNA	RF00005	5GAK_A
tRNA	RF00005	5GAK_B
U5	RF00020	5GAM_U
U5	RF00020	5GAN_U
U4	RF00015	5GAN_V
U6	RF00026	5GAN_W
U5	RF00020	5GAP_U
U4	RF00015	5GAP_V
U6	RF00026	5GAP_W
U5	RF00020	5GM6_D
U6	RF00026	5GM6_E
U5	RF00020	5GMK_D
U6	RF00026	5GMK_E
5S_rRNA	RF00001	5H1S_B
5S_rRNA	RF00001	5H4P_3
5_8S_rRNA	RF00002	5H4P_4
tRNA	RF00005	5H5U_5
5S_rRNA	RF00001	5H5U_B
5S_rRNA	RF00001	5HAU_1B
tRNA	RF00005	5HAU_1w
5S_rRNA	RF00001	5HAU_2B
tRNA	RF00005	5HAU_2w
tRNA	RF00005	5HC9_C
tRNA	RF00005	5HC9_D
5S_rRNA	RF00001	5HCP_1B
tRNA	RF00005	5HCP_1x
5S_rRNA	RF00001	5HCP_2B
tRNA	RF00005	5HCP_2x
5S_rRNA	RF00001	5HCQ_1B
tRNA	RF00005	5HCQ_1x
5S_rRNA	RF00001	5HCQ_2B
tRNA	RF00005	5HCQ_2x
5S_rRNA	RF00001	5HCR_1B
tRNA	RF00005	5HCR_1x
5S_rRNA	RF00001	5HCR_2B
tRNA	RF00005	5HCR_2x
5S_rRNA	RF00001	5HD1_1B
tRNA	RF00005	5HD1_1x
5S_rRNA	RF00001	5HD1_2B
tRNA	RF00005	5HD1_2x
5S_rRNA	RF00001	5HKV_Y
5S_rRNA	RF00001	5HL7_Y
tRNA	RF00005	5HR6_C
tRNA	RF00005	5HR6_D
tRNA	RF00005	5HR7_C
tRNA	RF00005	5HR7_D
5S_rRNA	RF00001	5I4L_3
5_8S_rRNA	RF00002	5I4L_4
5S_rRNA	RF00001	5I4L_7
5_8S_rRNA	RF00002	5I4L_8
5S_rRNA	RF00001	5IB7_16
5S_rRNA	RF00001	5IB7_1J
tRNA	RF00005	5IB7_1K
tRNA	RF00005	5IB7_1L
tRNA	RF00005	5IB7_2K
tRNA	RF00005	5IB7_2L
tRNA	RF00005	5IB7_3K
tRNA	RF00005	5IB7_3L
5S_rRNA	RF00001	5IB8_16
5S_rRNA	RF00001	5IB8_1J
tRNA	RF00005	5IB8_1K
tRNA	RF00005	5IB8_1L
tRNA	RF00005	5IB8_2K
tRNA	RF00005	5IB8_2L
tRNA	RF00005	5IB8_3K
tRNA	RF00005	5IB8_3L
5S_rRNA	RF00001	5IBB_16
5S_rRNA	RF00001	5IBB_1J
tRNA	RF00005	5IBB_1L
tRNA	RF00005	5IBB_2K
tRNA	RF00005	5IBB_2L
tRNA	RF00005	5IBB_3K
tRNA	RF00005	5IBB_3L
7SK	RF00100	5IEM_A
tRNA	RF00005	5IMQ_4
tRNA	RF00005	5IMQ_5
5S_rRNA	RF00001	5IMQ_E
tRNA	RF00005	5IMR_4
tRNA	RF00005	5IMR_5
5S_rRNA	RF00001	5IMR_E
5S_rRNA	RF00001	5IQR_3
tRNA	RF00005	5IQR_4
IRES_Cripavirus	RF00458	5IT7_4
5S_rRNA	RF00001	5IT7_7
5_8S_rRNA	RF00002	5IT7_8
5S_rRNA	RF00001	5IT8_CB
5S_rRNA	RF00001	5IT8_DB
IRES_Cripavirus	RF00458	5IT9_i
group-II-D1D4-3	RF02001	5J01_A
group-II-D1D4-1	RF01998	5J01_A
group-II-D1D4-3	RF02001	5J02_A
group-II-D1D4-1	RF01998	5J02_A
tRNA	RF00005	5J30_QV
5S_rRNA	RF00001	5J30_RB
tRNA	RF00005	5J30_XV
5S_rRNA	RF00001	5J30_YB
tRNA	RF00005	5J3C_QV
5S_rRNA	RF00001	5J3C_RB
tRNA	RF00005	5J3C_XV
5S_rRNA	RF00001	5J3C_YB
5S_rRNA	RF00001	5J4B_1B
tRNA	RF00005	5J4B_1w
tRNA	RF00005	5J4B_1x
tRNA	RF00005	5J4B_1y
5S_rRNA	RF00001	5J4B_2B
tRNA	RF00005	5J4B_2w
tRNA	RF00005	5J4B_2x
tRNA	RF00005	5J4B_2y
5S_rRNA	RF00001	5J4C_1B
tRNA	RF00005	5J4C_1w
tRNA	RF00005	5J4C_1x
tRNA	RF00005	5J4C_1y
5S_rRNA	RF00001	5J4C_2B
tRNA	RF00005	5J4C_2w
tRNA	RF00005	5J4C_2x
tRNA	RF00005	5J4C_2y
5S_rRNA	RF00001	5J4D_C
tRNA	RF00005	5J4D_D
5S_rRNA	RF00001	5J4D_HB
tRNA	RF00005	5J4D_IA
tRNA	RF00005	5J4D_IB
tRNA	RF00005	5J4D_NC
5S_rRNA	RF00001	5J5B_CB
5S_rRNA	RF00001	5J5B_DB
5S_rRNA	RF00001	5J7L_CB
5S_rRNA	RF00001	5J7L_DB
5S_rRNA	RF00001	5J88_CB
5S_rRNA	RF00001	5J88_DB
5S_rRNA	RF00001	5J8A_CB
5S_rRNA	RF00001	5J8A_DB
5S_rRNA	RF00001	5J8B_B
tRNA	RF00005	5J8B_w
tRNA	RF00005	5J8B_x
tRNA	RF00005	5J8B_y
5S_rRNA	RF00001	5J91_CB
5S_rRNA	RF00001	5J91_DB
tRNA	RF00005	5JB3_4
tRNA	RF00005	5JBH_4
5S_rRNA	RF00001	5JC9_CB
5S_rRNA	RF00001	5JC9_DB
5_8S_rRNA	RF00002	5JCS_y
5S_rRNA	RF00001	5JCS_z
Fungi_U3	RF01846	5JPQ_3
U3	RF00012	5JPQ_3
ACEA_U3	RF01848	5JPQ_3
tRNA	RF00005	5JTE_AX
5S_rRNA	RF00001	5JTE_BB
tRNA	RF00005	5JU8_AX
5S_rRNA	RF00001	5JU8_BB
5_8S_rRNA	RF00002	5JUO_C
5S_rRNA	RF00001	5JUO_D
5_8S_rRNA	RF00002	5JUP_C
5S_rRNA	RF00001	5JUP_D
5_8S_rRNA	RF00002	5JUS_C
5S_rRNA	RF00001	5JUS_D
5_8S_rRNA	RF00002	5JUT_C
5S_rRNA	RF00001	5JUT_D
5_8S_rRNA	RF00002	5JUU_C
5S_rRNA	RF00001	5JUU_D
5S_rRNA	RF00001	5JVG_Y
5S_rRNA	RF00001	5JVH_Y
tRNA	RF00005	5K0Y_N
5S_rRNA	RF00001	5KCR_1B
tRNA	RF00005	5KCR_1x
5S_rRNA	RF00001	5KCS_1B
tRNA	RF00005	5KCS_1x
Fluoride	RF01734	5KH8_A
5S_rRNA	RF00001	5KPS_29
tRNA	RF00005	5KPS_31
tRNA	RF00005	5KPS_32
5S_rRNA	RF00001	5KPV_28
tRNA	RF00005	5KPV_30
tRNA	RF00005	5KPV_31
tRNA	RF00005	5KPV_32
5S_rRNA	RF00001	5KPW_28
tRNA	RF00005	5KPW_30
tRNA	RF00005	5KPW_31
tRNA	RF00005	5KPW_32
5S_rRNA	RF00001	5KPX_28
tRNA	RF00005	5KPX_30
tRNA	RF00005	5KPX_31
tRNA	RF00005	5KPX_32
5S_rRNA	RF00001	5L3P_B
tRNA	RF00005	5L3P_x
tRNA	RF00005	5L3P_y
tRNA	RF00005	5L4O_A
5S_rRNA	RF00001	5LI0_B
U5	RF00020	5LJ3_U
U6	RF00026	5LJ3_V
U5	RF00020	5LJ5_U
U6	RF00026	5LJ5_V
5S_rRNA	RF00001	5LKS_L7
5_8S_rRNA	RF00002	5LKS_L8
tRNA	RF00005	5LMQ_Z
tRNA	RF00005	5LMR_Z
tRNA	RF00005	5LMS_Z
tRNA	RF00005	5LMT_Z
tRNA	RF00005	5LMU_Z
tRNA	RF00005	5LMV_Z
U5	RF00020	5LQW_5
U6	RF00026	5LQW_6
5S_rRNA	RF00001	5LYB_3
5_8S_rRNA	RF00002	5LYB_4
5S_rRNA	RF00001	5LYB_7
5_8S_rRNA	RF00002	5LYB_8
7SK	RF00100	5LYS_A
7SK	RF00100	5LYS_B
7SK	RF00100	5LYU_A
7SK	RF00100	5LYU_B
7SK	RF00100	5LYV_A
7SK	RF00100	5LYV_B
5S_rRNA	RF00001	5LZA_B
tRNA	RF00005	5LZA_v
5S_rRNA	RF00001	5LZB_B
tRNA	RF00005	5LZB_v
tRNA-Sec	RF01852	5LZB_y
tRNA	RF00005	5LZB_y
5S_rRNA	RF00001	5LZC_B
tRNA	RF00005	5LZC_v
tRNA-Sec	RF01852	5LZC_y
tRNA	RF00005	5LZC_y
5S_rRNA	RF00001	5LZD_B
tRNA	RF00005	5LZD_v
tRNA-Sec	RF01852	5LZD_y
tRNA	RF00005	5LZD_y
5S_rRNA	RF00001	5LZE_B
tRNA	RF00005	5LZE_v
tRNA-Sec	RF01852	5LZE_y
tRNA	RF00005	5LZE_y
5S_rRNA	RF00001	5LZF_B
tRNA	RF00005	5LZF_v
tRNA-Sec	RF01852	5LZF_y
tRNA	RF00005	5LZF_y
tRNA	RF00005	5LZS_3
5S_rRNA	RF00001	5LZS_7
5_8S_rRNA	RF00002	5LZS_8
tRNA	RF00005	5LZT_3
5S_rRNA	RF00001	5LZT_7
5_8S_rRNA	RF00002	5LZT_8
tRNA	RF00005	5LZU_3
5S_rRNA	RF00001	5LZU_7
5_8S_rRNA	RF00002	5LZU_8
tRNA	RF00005	5LZV_3
5S_rRNA	RF00001	5LZV_7
5_8S_rRNA	RF00002	5LZV_8
tRNA	RF00005	5LZW_3
5S_rRNA	RF00001	5LZW_7
5_8S_rRNA	RF00002	5LZW_8
tRNA	RF00005	5LZX_3
5S_rRNA	RF00001	5LZX_7
5_8S_rRNA	RF00002	5LZX_8
tRNA	RF00005	5LZY_2
tRNA	RF00005	5LZY_3
5S_rRNA	RF00001	5LZY_7
5_8S_rRNA	RF00002	5LZY_8
tRNA	RF00005	5LZZ_3
5S_rRNA	RF00001	5LZZ_7
5_8S_rRNA	RF00002	5LZZ_8
5S_rRNA	RF00001	5M1J_34
5_8S_rRNA	RF00002	5M1J_44
tRNA	RF00005	5M1J_A3
Metazoa_SRP	RF00017	5M73_A
Protozoa_SRP	RF01856	5M73_A
Metazoa_SRP	RF00017	5M73_E
Protozoa_SRP	RF01856	5M73_E
5S_rRNA	RF00001	5MC6_BR
5_8S_rRNA	RF00002	5MC6_BS
tRNA	RF00005	5MC6_m
tRNA	RF00005	5MC6_n
5S_rRNA	RF00001	5MDV_3
5S_rRNA	RF00001	5MDW_3
5S_rRNA	RF00001	5MDY_3
5S_rRNA	RF00001	5MDZ_3
tRNA	RF00005	5ME0_X
tRNA	RF00005	5ME1_X
5S_rRNA	RF00001	5MEI_3
5_8S_rRNA	RF00002	5MEI_4
5S_rRNA	RF00001	5MEI_AS
5_8S_rRNA	RF00002	5MEI_AT
5S_rRNA	RF00001	5MGP_B
tRNA	RF00005	5MGP_x
5S_rRNA	RF00001	5MLC_B
5S_rRNA	RF00001	5MMI_B
5S_rRNA	RF00001	5MMM_B
tRNA	RF00005	5MMM_z
U5	RF00020	5MPS_5
U6	RF00026	5MPS_6
U5	RF00020	5MQ0_5
U6	RF00026	5MQ0_6
U2	RF00004	5MQF_2
U5	RF00020	5MQF_5
U6	RF00026	5MQF_6
tRNA	RF00005	5MRC_bb
tRNA	RF00005	5MRE_bb
tRNA	RF00005	5MRF_bb
5S_rRNA	RF00001	5MYJ_BB
Bacteria_small_SRP	RF00169	5NCO_1
5S_rRNA	RF00001	5NCO_B
5S_rRNA	RF00001	5ND8_B
5S_rRNA	RF00001	5ND9_B
5S_rRNA	RF00001	5NDG_3
5_8S_rRNA	RF00002	5NDG_4
5S_rRNA	RF00001	5NDG_7
5_8S_rRNA	RF00002	5NDG_8
5S_rRNA	RF00001	5NDJ_16
5S_rRNA	RF00001	5NDJ_1J
tRNA	RF00005	5NDJ_V1
tRNA	RF00005	5NDJ_V4
tRNA	RF00005	5NDJ_W1
tRNA	RF00005	5NDJ_W4
tRNA	RF00005	5NDJ_X1
tRNA	RF00005	5NDJ_X4
5S_rRNA	RF00001	5NDK_16
5S_rRNA	RF00001	5NDK_1J
tRNA	RF00005	5NDK_V1
tRNA	RF00005	5NDK_V4
tRNA	RF00005	5NDK_W1
tRNA	RF00005	5NDK_W4
tRNA	RF00005	5NDK_X1
tRNA	RF00005	5NDK_X4
5S_rRNA	RF00001	5NDV_3
5_8S_rRNA	RF00002	5NDV_4
5S_rRNA	RF00001	5NDV_7
5_8S_rRNA	RF00002	5NDV_8
5S_rRNA	RF00001	5NDW_3
5_8S_rRNA	RF00002	5NDW_4
5S_rRNA	RF00001	5NDW_7
5_8S_rRNA	RF00002	5NDW_8
5S_rRNA	RF00001	5NGM_AB
5S_rRNA	RF00001	5NJT_V
tRNA	RF00005	5NP6_B
5S_rRNA	RF00001	5NP6_Z
LSU_rRNA_bacteria	RF02541	5NPM_B
5S_rRNA	RF00001	5NRG_Y
U4	RF00015	5NRL_4
U5	RF00020	5NRL_5
U6	RF00026	5NRL_6
ykkC-III	RF01763	5NWQ_A
ykkC-III	RF01763	5NWQ_B
tRNA	RF00005	5NWY_M
5S_rRNA	RF00001	5NWY_O
ykkC-III	RF01763	5NY8_A
ykkC-III	RF01763	5NY8_B
ykkC-III	RF01763	5NZ3_A
ykkC-III	RF01763	5NZ3_B
ykkC-III	RF01763	5NZ6_A
ykkC-III	RF01763	5NZD_A
ykkC-III	RF01763	5NZD_B
5S_rRNA	RF00001	5O2R_B
tRNA	RF00005	5O2R_x
5S_rRNA	RF00001	5O60_B
5S_rRNA	RF00001	5O61_B
tRNA	RF00005	5O61_BW
ykkC-III	RF01763	5O62_A
ykkC-III	RF01763	5O62_B
ykkC-III	RF01763	5O69_A
ykkC-III	RF01763	5O69_B
U2	RF00004	5O9Z_2
U4	RF00015	5O9Z_4
U5	RF00020	5O9Z_5
U6	RF00026	5O9Z_6
tRNA	RF00005	5OA3_1
IRES_HCV	RF00061	5OA3_3
5S_rRNA	RF00001	5OBM_3
5_8S_rRNA	RF00002	5OBM_4
5S_rRNA	RF00001	5OBM_7
5_8S_rRNA	RF00002	5OBM_8
tRNA	RF00005	5OMW_B
tRNA	RF00005	5OMW_E
tRNA	RF00005	5ON2_B
tRNA	RF00005	5ON2_E
tRNA	RF00005	5ON3_B
tRNA	RF00005	5ON3_E
5S_rRNA	RF00001	5ON6_3
5_8S_rRNA	RF00002	5ON6_4
5S_rRNA	RF00001	5ON6_AS
5_8S_rRNA	RF00002	5ON6_AT
tRNA	RF00005	5ONH_B
tRNA	RF00005	5ONH_E
Fungi_U3	RF01846	5OQL_2
U3	RF00012	5OQL_2
ACEA_U3	RF01848	5OQL_2
tRNA	RF00005	5OT7_2
5S_rRNA	RF00001	5OT7_5
Purine	RF00167	5SWD_A
Purine	RF00167	5SWD_B
Purine	RF00167	5SWE_X
5_8S_rRNA	RF00002	5T2A_C
5S_rRNA	RF00001	5T2A_D
LSU_rRNA_eukarya	RF02543	5T2A_G
LSU_rRNA_archaea	RF02540	5T2A_G
LSU_rRNA_bacteria	RF02541	5T2A_G
tRNA	RF00005	5T2C_An
5S_rRNA	RF00001	5T2C_B
5_8S_rRNA	RF00002	5T2C_C
5_8S_rRNA	RF00002	5T5H_C
5S_rRNA	RF00001	5T5H_D
5S_rRNA	RF00001	5T62_B
5_8S_rRNA	RF00002	5T62_C
5S_rRNA	RF00001	5T6R_B
5_8S_rRNA	RF00002	5T6R_C
5S_rRNA	RF00001	5T7V_C
tRNA	RF00005	5T7V_D
ykkC-yxkD	RF00442	5T83_A
5S_rRNA	RF00001	5TBW_3
5_8S_rRNA	RF00002	5TBW_4
5S_rRNA	RF00001	5TBW_AS
5_8S_rRNA	RF00002	5TBW_AT
5S_rRNA	RF00001	5TCU_C
tRNA	RF00005	5TCU_D
tRNA	RF00005	5TCU_E
U6	RF00026	5TF6_B
U6	RF00026	5TF6_D
5S_rRNA	RF00001	5TGA_3
5_8S_rRNA	RF00002	5TGA_4
5S_rRNA	RF00001	5TGA_7
5_8S_rRNA	RF00002	5TGA_8
5S_rRNA	RF00001	5TGM_3
5_8S_rRNA	RF00002	5TGM_4
5S_rRNA	RF00001	5TGM_7
5_8S_rRNA	RF00002	5TGM_8
5S_rRNA	RF00001	5U4I_B
tRNA	RF00005	5U4I_x
tRNA	RF00005	5U4I_y
tRNA	RF00005	5U4J_x
5S_rRNA	RF00001	5U9F_02
tRNA	RF00005	5U9F_W
tRNA	RF00005	5U9F_X
5S_rRNA	RF00001	5U9G_02
tRNA	RF00005	5U9G_W
tRNA	RF00005	5U9G_X
tRNA	RF00005	5UD5_C
tRNA	RF00005	5UD5_D
5S_rRNA	RF00001	5UMD_B
5_8S_rRNA	RF00002	5UMD_C
5S_rRNA	RF00001	5UQ7_B
DnaX	RF00382	5UQ7_x
tRNA	RF00005	5UQ7_y
tRNA	RF00005	5UQ7_z
5S_rRNA	RF00001	5UQ8_B
DnaX	RF00382	5UQ8_x
tRNA	RF00005	5UQ8_y
tRNA	RF00005	5UQ8_z
5S_rRNA	RF00001	5UYK_02
tRNA	RF00005	5UYK_W
tRNA	RF00005	5UYK_X
tRNA	RF00005	5UYK_Y
5S_rRNA	RF00001	5UYL_02
tRNA	RF00005	5UYL_W
tRNA	RF00005	5UYL_X
tRNA	RF00005	5UYL_Y
5S_rRNA	RF00001	5UYM_02
tRNA	RF00005	5UYM_W
tRNA	RF00005	5UYM_X
tRNA	RF00005	5UYM_Y
5S_rRNA	RF00001	5UYN_02
tRNA	RF00005	5UYN_W
tRNA	RF00005	5UYN_X
tRNA	RF00005	5UYN_Y
5S_rRNA	RF00001	5UYP_02
tRNA	RF00005	5UYP_W
tRNA	RF00005	5UYP_X
tRNA	RF00005	5UYP_Y
5S_rRNA	RF00001	5UYQ_02
tRNA	RF00005	5UYQ_W
tRNA	RF00005	5UYQ_X
tRNA	RF00005	5UYQ_Y
Purine	RF00167	5UZA_X
tRNA	RF00005	5V6X_C
tRNA	RF00005	5V6X_D
5S_rRNA	RF00001	5V7Q_B
5S_rRNA	RF00001	5V8I_1B
5S_rRNA	RF00001	5V8I_2B
5S_rRNA	RF00001	5V93_B
5S_rRNA	RF00001	5VP2_1B
tRNA	RF00005	5VP2_1w
tRNA	RF00005	5VP2_1x
tRNA	RF00005	5VP2_1y
5S_rRNA	RF00001	5VP2_2B
tRNA	RF00005	5VP2_2w
tRNA	RF00005	5VP2_2x
tRNA	RF00005	5VP2_2y
5S_rRNA	RF00001	5VPO_RB
5S_rRNA	RF00001	5VPO_YB
tRNA	RF00005	5VPP_QV
5S_rRNA	RF00001	5VPP_RB
tRNA	RF00005	5VPP_XV
5S_rRNA	RF00001	5VPP_YB
6S	RF00013	5VT0_R
5S_rRNA	RF00001	5W4K_1B
tRNA	RF00005	5W4K_1w
tRNA	RF00005	5W4K_1x
tRNA	RF00005	5W4K_1y
5S_rRNA	RF00001	5W4K_2B
tRNA	RF00005	5W4K_2w
tRNA	RF00005	5W4K_2x
tRNA	RF00005	5W4K_2y
5S_rRNA	RF00001	5WDT_B
tRNA	RF00005	5WDT_v
tRNA	RF00005	5WDT_w
tRNA	RF00005	5WDT_y
5S_rRNA	RF00001	5WE4_B
tRNA	RF00005	5WE4_v
tRNA	RF00005	5WE4_w
tRNA	RF00005	5WE4_y
5S_rRNA	RF00001	5WE6_B
tRNA	RF00005	5WE6_v
tRNA	RF00005	5WE6_w
tRNA	RF00005	5WE6_y
5S_rRNA	RF00001	5WF0_B
tRNA	RF00005	5WF0_v
tRNA	RF00005	5WF0_w
tRNA	RF00005	5WF0_y
5S_rRNA	RF00001	5WFK_B
tRNA	RF00005	5WFK_v
tRNA	RF00005	5WFK_w
tRNA	RF00005	5WFK_y
5S_rRNA	RF00001	5WFS_B
tRNA	RF00005	5WFS_v
tRNA	RF00005	5WFS_w
tRNA	RF00005	5WFS_y
5S_rRNA	RF00001	5WIS_1B
tRNA	RF00005	5WIS_1w
tRNA	RF00005	5WIS_1x
tRNA	RF00005	5WIS_1y
5S_rRNA	RF00001	5WIS_2B
tRNA	RF00005	5WIS_2w
tRNA	RF00005	5WIS_2x
tRNA	RF00005	5WIS_2y
5S_rRNA	RF00001	5WIT_1B
tRNA	RF00005	5WIT_1x
tRNA	RF00005	5WIT_1y
5S_rRNA	RF00001	5WIT_2B
tRNA	RF00005	5WIT_2x
tRNA	RF00005	5WIT_2y
Fungi_U3	RF01846	5WLC_L2
U5	RF00020	5WSG_D
U6	RF00026	5WSG_E
tRNA	RF00005	5WT1_C
tRNA	RF00005	5WT1_F
tRNA	RF00005	5WT3_C
tRNA	RF00005	5WWR_C
tRNA	RF00005	5WWR_D
tRNA	RF00005	5WWS_C
tRNA	RF00005	5WWS_D
tRNA	RF00005	5WWT_C
tRNA	RF00005	5WWT_D
Fungi_U3	RF01846	5WYJ_3A
Fungi_U3	RF01846	5WYK_3A
tRNA	RF00005	5X6B_P
5S_rRNA	RF00001	5X8P_B
5S_rRNA	RF00001	5X8T_B
U5	RF00020	5XJC_B
U6	RF00026	5XJC_F
U2	RF00004	5XJC_H
5S_rRNA	RF00001	5XXB_3
5_8S_rRNA	RF00002	5XXB_4
5S_rRNA	RF00001	5XY3_3
5_8S_rRNA	RF00002	5XY3_4
5S_rRNA	RF00001	5XYM_B
U5	RF00020	5Y88_B
U6	RF00026	5Y88_D
U5	RF00020	5YLZ_B
U6	RF00026	5YLZ_D
tRNA	RF00005	5YYN_B
tRNA	RF00005	5YYN_D
U5	RF00020	5YZG_B
U6	RF00026	5YZG_F
U2	RF00004	5YZG_H
5_8S_rRNA	RF00002	5Z3G_B
U5	RF00020	5Z56_B
U6	RF00026	5Z56_F
U2	RF00004	5Z56_H
U5	RF00020	5Z57_B
U6	RF00026	5Z57_F
U2	RF00004	5Z57_H
U5	RF00020	5Z58_B
U6	RF00026	5Z58_F
U2	RF00004	5Z58_H
let-7	RF00027	5ZAL_C
let-7	RF00027	5ZAM_C
5S_rRNA	RF00001	5ZEB_B
tRNA	RF00005	5ZEB_v
5S_rRNA	RF00001	5ZEP_B
tRNA	RF00005	5ZEP_w
5S_rRNA	RF00001	5ZET_B
tRNA	RF00005	5ZEU_v
tmRNA	RF00023	5ZEY_A
tRNA	RF00005	5ZEY_B
tRNA	RF00005	5ZLU_DD
5S_rRNA	RF00001	5ZLU_X
U5	RF00020	5ZWM_B
U6	RF00026	5ZWM_F
U4	RF00015	5ZWM_I
U5	RF00020	5ZWO_B
U6	RF00026	5ZWO_F
U4	RF00015	5ZWO_I
5S_rRNA	RF00001	5ZZM_M
RNaseP_nuc	RF00009	6AGB_A
U5	RF00020	6AH0_B
U6	RF00026	6AH0_F
U2	RF00004	6AH0_H
U4	RF00015	6AH0_I
RNaseP_nuc	RF00009	6AH3_A
tRNA	RF00005	6AH3_T
U5	RF00020	6AHD_B
U6	RF00026	6AHD_F
U2	RF00004	6AHD_H
U4	RF00015	6AHD_I
RNaseP_nuc	RF00009	6AHR_A
RNaseP_nuc	RF00009	6AHU_A
U6	RF00026	6ASO_I
tRNA	RF00005	6AZ1_2
tRNA	RF00005	6AZ1_3
tRNA	RF00005	6AZ1_4
LSU_rRNA_eukarya	RF02543	6AZ3_4
LSU_rRNA_archaea	RF02540	6AZ3_4
LSU_rRNA_bacteria	RF02541	6AZ3_4
5_8S_rRNA	RF00002	6AZ3_7
5S_rRNA	RF00001	6AZ3_8
HIV_PBS	RF00375	6B19_C
tRNA	RF00005	6B19_D
5S_rRNA	RF00001	6B4V_C
tRNA	RF00005	6B4V_D
5S_rRNA	RF00001	6B4V_GB
tRNA	RF00005	6B4V_HB
tRNA	RF00005	6B4V_IA
tRNA	RF00005	6B4V_MC
HIV-1_DIS	RF00175	6BG9_A
HIV-1_DIS	RF00175	6BG9_B
U5	RF00020	6BK8_5
U6	RF00026	6BK8_6
5S_rRNA	RF00001	6BOH_C
tRNA	RF00005	6BOH_D
5S_rRNA	RF00001	6BOH_HB
tRNA	RF00005	6BOH_IA
tRNA	RF00005	6BOH_IB
tRNA	RF00005	6BOH_NC
5S_rRNA	RF00001	6BOK_C
tRNA	RF00005	6BOK_D
5S_rRNA	RF00001	6BOK_FB
tRNA	RF00005	6BOK_GB
tRNA	RF00005	6BOK_IA
tRNA	RF00005	6BOK_LC
5S_rRNA	RF00001	6BU8_02
tRNA	RF00005	6BU8_W
tRNA	RF00005	6BU8_X
tRNA	RF00005	6BU8_Y
tRNA	RF00005	6BUW_QV
5S_rRNA	RF00001	6BUW_RB
tRNA	RF00005	6BUW_XV
5S_rRNA	RF00001	6BUW_YB
tRNA	RF00005	6BY1_AV
tRNA	RF00005	6BY1_AW
tRNA	RF00005	6BY1_AY
tRNA	RF00005	6BY1_BV
tRNA	RF00005	6BY1_BW
5S_rRNA	RF00001	6BY1_CB
5S_rRNA	RF00001	6BY1_DB
tRNA	RF00005	6BZ6_QV
5S_rRNA	RF00001	6BZ6_RB
tRNA	RF00005	6BZ6_XV
5S_rRNA	RF00001	6BZ6_YB
tRNA	RF00005	6BZ7_QV
tRNA	RF00005	6BZ7_QW
5S_rRNA	RF00001	6BZ7_RB
tRNA	RF00005	6BZ7_XV
tRNA	RF00005	6BZ7_XW
5S_rRNA	RF00001	6BZ7_YB
tRNA	RF00005	6BZ8_QV
tRNA	RF00005	6BZ8_QW
5S_rRNA	RF00001	6BZ8_RB
tRNA	RF00005	6BZ8_XV
tRNA	RF00005	6BZ8_XW
5S_rRNA	RF00001	6BZ8_YB
5_8S_rRNA	RF00002	6C0F_2
tRNA	RF00005	6C4H_x
5S_rRNA	RF00001	6C4I_B
tRNA	RF00005	6C4I_x
tRNA	RF00005	6C4I_y
tRNA	RF00005	6C5L_AV
tRNA	RF00005	6C5L_AW
5S_rRNA	RF00001	6C5L_BB
tRNA	RF00005	6C5L_CV
tRNA	RF00005	6C5L_CW
5S_rRNA	RF00001	6C5L_DB
5S_rRNA	RF00001	6CAE_1B
tRNA	RF00005	6CAE_1x
5S_rRNA	RF00001	6CAE_2B
tRNA	RF00005	6CAE_2x
5_8S_rRNA	RF00002	6CB1_2
yybP-ykoY	RF00080	6CC3_A
yybP-ykoY	RF00080	6CC3_B
5S_rRNA	RF00001	6CFJ_1B
tRNA	RF00005	6CFJ_1w
tRNA	RF00005	6CFJ_1x
tRNA	RF00005	6CFJ_1y
5S_rRNA	RF00001	6CFJ_2B
tRNA	RF00005	6CFJ_2w
tRNA	RF00005	6CFJ_2x
tRNA	RF00005	6CFJ_2y
5S_rRNA	RF00001	6CFK_1B
5S_rRNA	RF00001	6CFK_2B
5S_rRNA	RF00001	6CFL_1B
5S_rRNA	RF00001	6CFL_2B
YrlA	RF02553	6CU1_A
5S_rRNA	RF00001	6CZR_1B
5S_rRNA	RF00001	6CZR_2B
Telomerase-cil	RF00025	6D6V_B
tRNA	RF00005	6D90_3
IRES_Cripavirus	RF00458	6D90_4
5S_rRNA	RF00001	6D90_7
5_8S_rRNA	RF00002	6D90_8
tRNA	RF00005	6D9J_3
IRES_Cripavirus	RF00458	6D9J_4
5S_rRNA	RF00001	6D9J_7
5_8S_rRNA	RF00002	6D9J_8
5S_rRNA	RF00001	6DDD_2
5S_rRNA	RF00001	6DDG_2
5S_rRNA	RF00001	6DNC_C
tRNA	RF00005	6DNC_D
tRNA	RF00005	6DNC_LA
5S_rRNA	RF00001	6DZI_B
5S_rRNA	RF00001	6DZP_B
5S_rRNA	RF00001	6EK0_L7
5_8S_rRNA	RF00002	6EK0_L8
tRNA	RF00005	6EK0_S6
5_8S_rRNA	RF00002	6ELZ_2
5_8S_rRNA	RF00002	6EM1_2
5_8S_rRNA	RF00002	6EM3_2
5_8S_rRNA	RF00002	6EM4_2
5_8S_rRNA	RF00002	6EM5_2
5S_rRNA	RF00001	6ENF_B
tRNA	RF00005	6ENF_x
tRNA	RF00005	6ENJ_9
5S_rRNA	RF00001	6ENJ_B
tRNA	RF00005	6ENJ_x
5S_rRNA	RF00001	6ENU_B
tRNA	RF00005	6ENU_x
5S_rRNA	RF00001	6ERI_Ax
U5	RF00020	6EXN_5
U6	RF00026	6EXN_6
tRNA	RF00005	6FEC_N
U2	RF00004	6FF4_2
U5	RF00020	6FF4_5
U6	RF00026	6FF4_6
U2	RF00004	6FF7_2
U5	RF00020	6FF7_5
U6	RF00026	6FF7_6
5S_rRNA	RF00001	6FKR_1B
5S_rRNA	RF00001	6FKR_2B
Metazoa_SRP	RF00017	6FRK_1
Protozoa_SRP	RF01856	6FRK_1
5S_rRNA	RF00001	6FRK_7
5_8S_rRNA	RF00002	6FRK_8
5_8S_rRNA	RF00002	6FT6_2
5S_rRNA	RF00001	6FT6_3
5S_rRNA	RF00001	6FTG_v
5_8S_rRNA	RF00002	6FTG_w
5S_rRNA	RF00001	6FTI_v
5_8S_rRNA	RF00002	6FTI_w
5S_rRNA	RF00001	6FTJ_v
5_8S_rRNA	RF00002	6FTJ_w
5S_rRNA	RF00001	6FXC_AB
5S_rRNA	RF00001	6FXC_BB
tRNA	RF00005	6FYX_1
SAM_V	RF01826	6FZ0_A
U2	RF00004	6G90_2
tRNA	RF00005	6GAW_BB
tRNA	RF00005	6GB2_BB
5S_rRNA	RF00001	6GBZ_B
5S_rRNA	RF00001	6GC0_B
5S_rRNA	RF00001	6GC4_B
5S_rRNA	RF00001	6GC8_B
mir-TAR	RF00250	6GML_P
5S_rRNA	RF00001	6GQ1_3
5_8S_rRNA	RF00002	6GQ1_4
tRNA	RF00005	6GQ1_AX
5S_rRNA	RF00001	6GQB_3
5_8S_rRNA	RF00002	6GQB_4
tRNA	RF00005	6GQB_AX
5S_rRNA	RF00001	6GQV_3
5_8S_rRNA	RF00002	6GQV_4
tRNA	RF00005	6GQV_AY
5S_rRNA	RF00001	6GSJ_16
5S_rRNA	RF00001	6GSJ_1J
tRNA	RF00005	6GSJ_1K
tRNA	RF00005	6GSJ_1L
tRNA	RF00005	6GSJ_2K
tRNA	RF00005	6GSJ_2L
tRNA	RF00005	6GSJ_3K
tRNA	RF00005	6GSJ_3L
5S_rRNA	RF00001	6GSK_16
5S_rRNA	RF00001	6GSK_1J
tRNA	RF00005	6GSK_1K
tRNA	RF00005	6GSK_1L
tRNA	RF00005	6GSK_2K
tRNA	RF00005	6GSK_2L
tRNA	RF00005	6GSK_3K
tRNA	RF00005	6GSK_3L
5S_rRNA	RF00001	6GSL_16
5S_rRNA	RF00001	6GSL_1J
tRNA	RF00005	6GSL_2K
tRNA	RF00005	6GSL_2L
tRNA	RF00005	6GSL_3K
tRNA	RF00005	6GSL_3L
tRNA	RF00005	6GSN_1
5S_rRNA	RF00001	6GWT_B
tRNA	RF00005	6GWT_x
5S_rRNA	RF00001	6GXM_B
tRNA	RF00005	6GXM_x
5S_rRNA	RF00001	6GXN_B
tRNA	RF00005	6GXN_x
5S_rRNA	RF00001	6GXO_B
tRNA	RF00005	6GXO_x
5S_rRNA	RF00001	6GXP_B
5_8S_rRNA	RF00002	6GZ3_A3
5S_rRNA	RF00001	6GZ3_A4
tRNA	RF00005	6GZ3_Bw
5_8S_rRNA	RF00002	6GZ4_A3
5S_rRNA	RF00001	6GZ4_A4
tRNA	RF00005	6GZ4_Bw
5_8S_rRNA	RF00002	6GZ5_A3
5S_rRNA	RF00001	6GZ5_A4
tRNA	RF00005	6GZ5_Bw
5S_rRNA	RF00001	6GZQ_B1
5S_rRNA	RF00001	6GZX_B1
5S_rRNA	RF00001	6GZX_B2
5S_rRNA	RF00001	6GZZ_B1
5S_rRNA	RF00001	6GZZ_B2
5S_rRNA	RF00001	6H4N_B
tRNA	RF00005	6H4N_w
5S_rRNA	RF00001	6H58_B
5S_rRNA	RF00001	6H58_BB
tRNA	RF00005	6H58_w
tRNA	RF00005	6H58_ww
5S_rRNA	RF00001	6HA1_B
tRNA	RF00005	6HA1_x
5S_rRNA	RF00001	6HA8_B
tRNA	RF00005	6HA8_x
SAM-SAH	RF01727	6HAG_A
5S_rRNA	RF00001	6HCF_72
5_8S_rRNA	RF00002	6HCF_82
tRNA	RF00005	6HCJ_33
5S_rRNA	RF00001	6HCJ_71
5_8S_rRNA	RF00002	6HCJ_81
tRNA	RF00005	6HCJ_q3
5S_rRNA	RF00001	6HCM_72
5_8S_rRNA	RF00002	6HCM_82
tRNA	RF00005	6HCQ_33
5S_rRNA	RF00001	6HCQ_71
5_8S_rRNA	RF00002	6HCQ_81
tRNA	RF00005	6HCQ_q3
5S_rRNA	RF00001	6HD7_3
5_8S_rRNA	RF00002	6HD7_4
tRNA	RF00005	6HD7_A
tRNA	RF00005	6HD7_B
5S_rRNA	RF00001	6HHQ_3
5_8S_rRNA	RF00002	6HHQ_4
5S_rRNA	RF00001	6HHQ_AS
5_8S_rRNA	RF00002	6HHQ_AT
5S_rRNA	RF00001	6HMA_B
5S_rRNA	RF00001	6HRM_3
5S_rRNA	RF00001	6I0Y_B
tRNA	RF00005	6I0Y_V
5S_rRNA	RF00001	6I7O_BR
5_8S_rRNA	RF00002	6I7O_BS
5S_rRNA	RF00001	6I7O_YR
5_8S_rRNA	RF00002	6I7O_YS
tRNA	RF00005	6I7O_m
tRNA	RF00005	6I7O_mb
tRNA	RF00005	6I7O_n
tRNA	RF00005	6I7O_nb
5S_rRNA	RF00001	6I7V_CB
5S_rRNA	RF00001	6I7V_DB
U5	RF00020	6ICZ_B
U6	RF00026	6ICZ_F
U2	RF00004	6ICZ_H
U5	RF00020	6ID0_B
U6	RF00026	6ID0_F
U2	RF00004	6ID0_H
U5	RF00020	6ID1_B
U6	RF00026	6ID1_F
U2	RF00004	6ID1_H
5S_rRNA	RF00001	6IP5_1B
5_8S_rRNA	RF00002	6IP5_1C
tRNA	RF00005	6IP5_zu
tRNA	RF00005	6IP5_zy
5S_rRNA	RF00001	6IP6_1B
5_8S_rRNA	RF00002	6IP6_1C
tRNA	RF00005	6IP6_zy
IRES_HCV	RF00061	6IP6_zz
5S_rRNA	RF00001	6IP8_1B
5_8S_rRNA	RF00002	6IP8_1C
tRNA	RF00005	6IP8_zy
IRES_HCV	RF00061	6IP8_zz
U5	RF00020	6J6G_D
U6	RF00026	6J6G_E
U5	RF00020	6J6H_D
U6	RF00026	6J6H_E
U5	RF00020	6J6N_D
U6	RF00026	6J6N_E
U5	RF00020	6J6Q_D
U6	RF00026	6J6Q_E
tRNA	RF00005	6JXM_B
RNaseP_arch	RF00373	6K0A_X
RNaseP_arch	RF00373	6K0A_Y
tRNA	RF00005	6K0B_U
tRNA	RF00005	6K0B_V
RNaseP_arch	RF00373	6K0B_X
RNaseP_arch	RF00373	6K0B_Y
tracrRNA	RF02348	6MCB_B
tracrRNA	RF02348	6MCC_B
Tymo_tRNA-like	RF00233	6MJ0_A
UPSK	RF00390	6MJ0_A
Tymo_tRNA-like	RF00233	6MJ0_B
UPSK	RF00390	6MJ0_B
tRNA	RF00005	6MTB_4
5S_rRNA	RF00001	6MTB_7
5_8S_rRNA	RF00002	6MTB_8
tRNA	RF00005	6MTC_4
5S_rRNA	RF00001	6MTC_7
5_8S_rRNA	RF00002	6MTC_8
5S_rRNA	RF00001	6MTD_7
5_8S_rRNA	RF00002	6MTD_8
5S_rRNA	RF00001	6MTE_7
5_8S_rRNA	RF00002	6MTE_8
IRES_HepA	RF00228	6MWN_A
IRES_HepA	RF00228	6MWN_B
5S_rRNA	RF00001	6N1D_A5S
5S_rRNA	RF00001	6N1D_B5S
tRNA	RF00005	6N1D_BATN
5S_rRNA	RF00001	6N8J_2
5_8S_rRNA	RF00002	6N8J_3
5S_rRNA	RF00001	6N8K_2
5_8S_rRNA	RF00002	6N8K_3
5S_rRNA	RF00001	6N8L_2
5_8S_rRNA	RF00002	6N8L_3
5S_rRNA	RF00001	6N8M_B
5_8S_rRNA	RF00002	6N8M_C
5S_rRNA	RF00001	6N8N_B
5_8S_rRNA	RF00002	6N8N_C
5S_rRNA	RF00001	6N8O_B
5_8S_rRNA	RF00002	6N8O_C
5S_rRNA	RF00001	6N9E_1B
tRNA	RF00005	6N9E_1x
5S_rRNA	RF00001	6N9E_2B
tRNA	RF00005	6N9E_2x
5S_rRNA	RF00001	6N9F_1B
tRNA	RF00005	6N9F_1x
5S_rRNA	RF00001	6N9F_2B
tRNA	RF00005	6N9F_2x
Fungi_U3	RF01846	6ND4_2
5S_rRNA	RF00001	6ND5_1B
tRNA	RF00005	6ND5_1w
tRNA	RF00005	6ND5_1x
tRNA	RF00005	6ND5_1y
5S_rRNA	RF00001	6ND5_2B
tRNA	RF00005	6ND5_2w
tRNA	RF00005	6ND5_2x
tRNA	RF00005	6ND5_2y
5S_rRNA	RF00001	6ND6_1B
tRNA	RF00005	6ND6_1x
5S_rRNA	RF00001	6ND6_2B
tRNA	RF00005	6ND6_2x
tRNA	RF00005	6NDK_QV
5S_rRNA	RF00001	6NDK_RB
tRNA	RF00005	6NDK_XV
5S_rRNA	RF00001	6NDK_YB
tRNA	RF00005	6O7K_v
5S_rRNA	RF00001	6O97_1B
tRNA	RF00005	6O97_1x
5S_rRNA	RF00001	6O97_2B
tRNA	RF00005	6O97_2x
5S_rRNA	RF00001	6O9J_A
tRNA	RF00005	6O9J_v
5S_rRNA	RF00001	6O9K_X
tRNA	RF00005	6O9K_y
ZMP-ZTP	RF01750	6OD9_A
ZMP-ZTP	RF01750	6OD9_B
5S_rRNA	RF00001	6OF1_1B
tRNA	RF00005	6OF1_1x
5S_rRNA	RF00001	6OF1_2B
tRNA	RF00005	6OF1_2x
tRNA	RF00005	6OKK_g
VA	RF00102	6OL3_C
5_8S_rRNA	RF00002	6OLE_D
5S_rRNA	RF00001	6OLE_E
tRNA	RF00005	6OLE_u
tRNA	RF00005	6OLE_v
5_8S_rRNA	RF00002	6OLF_D
5S_rRNA	RF00001	6OLF_E
tRNA	RF00005	6OLF_u
tRNA	RF00005	6OLF_v
5_8S_rRNA	RF00002	6OLG_A3
5S_rRNA	RF00001	6OLG_A4
tRNA	RF00005	6OLG_Bv
5_8S_rRNA	RF00002	6OLI_D
5S_rRNA	RF00001	6OLI_E
tRNA	RF00005	6OLI_u
tRNA	RF00005	6OLI_v
5_8S_rRNA	RF00002	6OLZ_A3
5S_rRNA	RF00001	6OLZ_A4
tRNA	RF00005	6OLZ_Bv
5_8S_rRNA	RF00002	6OM0_D
5S_rRNA	RF00001	6OM0_E
tRNA	RF00005	6OM0_u
tRNA	RF00005	6OM0_v
5_8S_rRNA	RF00002	6OM7_D
5S_rRNA	RF00001	6OM7_E
tRNA	RF00005	6OM7_u
tRNA	RF00005	6OM7_v
5S_rRNA	RF00001	6ORE_3
tRNA	RF00005	6ORE_5
5S_rRNA	RF00001	6ORL_3
tRNA	RF00005	6ORL_5
5S_rRNA	RF00001	6OSK_3
tRNA	RF00005	6OSK_5
5S_rRNA	RF00001	6OSQ_3
tRNA	RF00005	6OSQ_5
5S_rRNA	RF00001	6OST_3
tRNA	RF00005	6OST_5
5S_rRNA	RF00001	6OT3_3
tRNA	RF00005	6OT3_5
tRNA	RF00005	6OTR_QV
tRNA	RF00005	6OTR_QW
5S_rRNA	RF00001	6OTR_RB
tRNA	RF00005	6OTR_XV
tRNA	RF00005	6OTR_XW
5S_rRNA	RF00001	6OTR_YB
5S_rRNA	RF00001	6OUO_3
tRNA	RF00005	6OUO_5
tRNA	RF00005	6OXA_QV
tRNA	RF00005	6OXA_QW
5S_rRNA	RF00001	6OXA_RB
tRNA	RF00005	6OXA_XV
tRNA	RF00005	6OXA_XW
5S_rRNA	RF00001	6OXA_YB
tRNA	RF00005	6OXI_QV
5S_rRNA	RF00001	6OXI_RB
tRNA	RF00005	6OXI_XV
5S_rRNA	RF00001	6OXI_YB
5S_rRNA	RF00001	6Q8Y_BR
5_8S_rRNA	RF00002	6Q8Y_BS
tRNA	RF00005	6Q8Y_m
tRNA	RF00005	6Q8Y_n
5S_rRNA	RF00001	6Q95_3
tmRNA	RF00023	6Q95_4
tRNA	RF00005	6Q95_7
tRNA	RF00005	6Q95_8
5S_rRNA	RF00001	6Q97_3
tmRNA	RF00023	6Q97_4
tRNA	RF00005	6Q97_7
tRNA	RF00005	6Q97_8
5S_rRNA	RF00001	6Q98_3
tmRNA	RF00023	6Q98_4
5S_rRNA	RF00001	6Q9A_3
tmRNA	RF00023	6Q9A_4
tRNA	RF00005	6Q9A_7
U2	RF00004	6QDV_2
U5	RF00020	6QDV_5
U6	RF00026	6QDV_6
5S_rRNA	RF00001	6QIK_x
5_8S_rRNA	RF00002	6QIK_y
Downstream-peptide	RF01704	6QN3_A
Downstream-peptide	RF01704	6QN3_B
5S_rRNA	RF00001	6QNQ_16
5S_rRNA	RF00001	6QNQ_1J
tRNA	RF00005	6QNQ_1K
tRNA	RF00005	6QNQ_2K
tRNA	RF00005	6QNQ_2L
tRNA	RF00005	6QNQ_3K
tRNA	RF00005	6QNQ_3L
5S_rRNA	RF00001	6QNR_16
5S_rRNA	RF00001	6QNR_1J
tRNA	RF00005	6QNR_1K
tRNA	RF00005	6QNR_1L
tRNA	RF00005	6QNR_3K
tRNA	RF00005	6QNR_3L
tRNA	RF00005	6QNR_5K
5S_rRNA	RF00001	6QT0_x
5_8S_rRNA	RF00002	6QT0_y
5S_rRNA	RF00001	6QTZ_x
5_8S_rRNA	RF00002	6QTZ_y
5S_rRNA	RF00001	6QUL_B
U5	RF00020	6QW6_5
U6	RF00026	6QW6_6
U1	RF00003	6QX9_1
U2	RF00004	6QX9_2
U5	RF00020	6QX9_5
U6	RF00026	6QX9_6
Phage_pRNA	RF00044	6QYZ_A
Phage_pRNA	RF00044	6QYZ_B
Phage_pRNA	RF00044	6QYZ_C
Phage_pRNA	RF00044	6QYZ_D
Phage_pRNA	RF00044	6QYZ_E
5S_rRNA	RF00001	6QZP_L7
5_8S_rRNA	RF00002	6QZP_L8
tRNA	RF00005	6QZP_S6
tRNA	RF00005	6R5Q_2
tRNA	RF00005	6R5Q_3
5S_rRNA	RF00001	6R5Q_7
5_8S_rRNA	RF00002	6R5Q_8
tRNA	RF00005	6R6G_2
tRNA	RF00005	6R6G_3
5S_rRNA	RF00001	6R6G_7
5_8S_rRNA	RF00002	6R6G_8
Metazoa_SRP	RF00017	6R6G_AF
Protozoa_SRP	RF01856	6R6G_AF
tRNA	RF00005	6R6P_2
tRNA	RF00005	6R6P_3
5S_rRNA	RF00001	6R6P_7
5_8S_rRNA	RF00002	6R6P_8
tRNA	RF00005	6R7Q_2
tRNA	RF00005	6R7Q_3
5S_rRNA	RF00001	6R7Q_7
5_8S_rRNA	RF00002	6R7Q_8
5S_rRNA	RF00001	6R84_3
5_8S_rRNA	RF00002	6R84_4
tRNA	RF00005	6R84_B
5S_rRNA	RF00001	6R86_3
5_8S_rRNA	RF00002	6R86_4
5S_rRNA	RF00001	6R87_3
5_8S_rRNA	RF00002	6R87_4
tRNA	RF00005	6R87_B
5S_rRNA	RF00001	6RI5_x
5_8S_rRNA	RF00002	6RI5_y
5S_rRNA	RF00001	6RM3_L70
Fungi_U3	RF01846	6RXT_C2
U3	RF00012	6RXT_C2
ACEA_U3	RF01848	6RXT_C2
Fungi_U3	RF01846	6RXU_C2
U3	RF00012	6RXU_C2
ACEA_U3	RF01848	6RXU_C2
Fungi_U3	RF01846	6RXV_C2
U3	RF00012	6RXV_C2
ACEA_U3	RF01848	6RXV_C2
Fungi_U3	RF01846	6RXX_C2
U3	RF00012	6RXX_C2
ACEA_U3	RF01848	6RXX_C2
Fungi_U3	RF01846	6RXY_C2
U3	RF00012	6RXY_C2
ACEA_U3	RF01848	6RXY_C2
Fungi_U3	RF01846	6RXZ_C2
U3	RF00012	6RXZ_C2
ACEA_U3	RF01848	6RXZ_C2
5S_rRNA	RF00001	6RZZ_x
5_8S_rRNA	RF00002	6RZZ_y
5S_rRNA	RF00001	6S05_x
5_8S_rRNA	RF00002	6S05_y
5S_rRNA	RF00001	6S0X_B
5S_rRNA	RF00001	6S0Z_B
5S_rRNA	RF00001	6S12_B
5S_rRNA	RF00001	6S13_B
5S_rRNA	RF00001	6S47_AB
5_8S_rRNA	RF00002	6S47_AC
tRNA	RF00005	6TNA_A
